index:ID,actor,:LABEL
30001,乔治·坎塔里尼,演员
30002,HaroldHoward,演员
30003,宋康昊,演员
30004,埃德蒙·莫蒂默,演员
30005,约书亚·麦圭尔,演员
30006,让·迦本,演员
30007,胜杏里,演员
30008,凯文·科斯特纳,演员
30009,加里·西尼斯,演员
30010,菲利普·塞默·霍夫曼,演员
30011,普拉蒂玛·库尔卡尼,演员
30012,喜子,演员
30013,阿方索·弗里曼,演员
30014,阿瑟·比勒,演员
30015,LeoMostovoy,演员
30016,萨瑞·巴亚特,演员
30017,加布里埃莱·拉维亚,演员
30018,伊安·霍姆,演员
30019,约翰·卡洛·林奇,演员
30020,石仓三郎,演员
30021,斯盖拉·阿斯丁,演员
30022,德罗斯·V·史密斯,演员
30023,特德·马克兰德,演员
30024,桐本拓哉,演员
30025,李·阿斯奎斯-柯,演员
30026,米歇尔·莫纳汉,演员
30027,巩俐,演员
30028,陈伟,演员
30029,艾尔·勒提埃里,演员
30030,弗兰克·格里罗,演员
30031,詹姆斯·厄尔·琼斯,演员
30032,约翰·赫特,演员
30033,约翰·库宁汉姆,演员
30034,乔·莫顿,演员
30035,阿什利·詹森,演员
30036,信泽三惠子,演员
30037,卡拉·霍根,演员
30038,柴崎幸,演员
30039,J·C·纽金特,演员
30040,玛丽安妮·穆勒雷尔,演员
30041,丹·陈,演员
30042,迈克尔·巴达鲁科,演员
30043,塔姆金·莫钦特,演员
30044,吉米·米斯特雷,演员
30045,哈基姆·凯-卡西姆,演员
30046,汉斯·迈尔,演员
30047,塞伦·希德,演员
30048,莫苏西·麦格诺,演员
30049,谢拉·汉考克,演员
30050,ManoloGarcia,演员
30051,柳乐优弥,演员
30052,艾玛·汤普森,演员
30053,马蒂亚斯·哈比希,演员
30054,亨利·丹尼尔,演员
30055,迪克·卡维特,演员
30056,山口胜平,演员
30057,柯宇纶,演员
30058,乔伊·派奇,演员
30059,弗朗索瓦·贝莱昂,演员
30060,彼特·道格特,演员
30061,KayDeslys,演员
30062,柏原崇,演员
30063,戈尔·维达尔,演员
30064,仲里依纱,演员
30065,格拉姆·柯里,演员
30066,梁小龙,演员
30067,刘桦,演员
30068,安娜·勒尼,演员
30069,安迪·莱什利兹,演员
30070,吉娜·马隆,演员
30071,欧内斯特·博格宁,演员
30072,米勒德·米切尔,演员
30073,罗伯特·卡普荣,演员
30074,韩英惠,演员
30075,格伦·贝克,演员
30076,王福,演员
30077,尤娜·奥康纳,演员
30078,阿伦·克雷格,演员
30079,卢克·布雷西,演员
30080,朱迪·丹奇,演员
30081,陶传正,演员
30082,马赫什·曼杰瑞卡,演员
30083,斯蒂芬·托布罗斯基,演员
30084,阿妮妲·扎格利亚,演员
30085,詹姆斯·斯图尔特,演员
30086,泉谷茂,演员
30087,丁仲,演员
30088,瑞安·克茨纳,演员
30089,佐仓绫音,演员
30090,辻村真人,演员
30091,加塔姆·贝鲁尔,演员
30092,达纳·史密斯,演员
30093,艾米·瓦尔兹,演员
30094,斯嘉丽·约翰逊,演员
30095,CoryBuck,演员
30096,罗切尔·罗斯,演员
30097,杰克·奥康耐,演员
30098,波希娅·纳尔逊,演员
30099,内森·琼斯,演员
30100,托尔·林德哈特,演员
30101,T·J·米勒,演员
30102,乔纳·福尔肯,演员
30103,马塞尔·达里奥,演员
30104,哈尔·霍尔布鲁克,演员
30105,赵梓彤,演员
30106,阿莫里·巴博尔,演员
30107,托马斯·布罗迪-桑斯特,演员
30108,苏珊·维德勒,演员
30109,MadeleineRakic-Platt,演员
30110,席尔帕.舒克拉,演员
30111,马明威,演员
30112,杰克尔·法尔斯特伦,演员
30113,汤姆·加洛普,演员
30114,瑞恩·雷诺兹,演员
30115,布拉德·皮特,演员
30116,玛汀·麦古基安,演员
30117,米凯·麦高万,演员
30118,克拉克·格雷格,演员
30119,恩佐·卡拉瓦勒,演员
30120,平松晶子,演员
30121,黄秋生,演员
30122,波林·林奇,演员
30123,吉娜薇·欧瑞丽,演员
30124,凯尔·赫伯特,演员
30125,莱尔德·曼辛托斯,演员
30126,元华,演员
30127,马占林,演员
30128,大卫·麦克库利,演员
30129,雷汉,演员
30130,凯·伊沃·保利兹,演员
30131,苏珊妮·谢泼德,演员
30132,约翰·克立斯,演员
30133,索菲亚·伊斯皮诺萨,演员
30134,梁佩诗,演员
30135,TabethaThomas,演员
30136,珍妮·斯蕾特,演员
30137,原节子,演员
30138,卡罗琳·皮克曼,演员
30139,克莱尔·吉尔蕾,演员
30140,斯蒂芬·瑞,演员
30141,凯瑟·斯内德,演员
30142,格劳瑞亚·斯图尔特,演员
30143,马修·布罗德里克,演员
30144,马修·夏普,演员
30145,安德里亚·迪·斯戴法诺,演员
30146,马特·纳夫莱,演员
30147,苏珊·萨兰登,演员
30148,约翰兰德,演员
30149,罗里·艾伦,演员
30150,斯特林·海登,演员
30151,蒂尔达·斯文顿,演员
30152,蕾切儿·哈伍德,演员
30153,蓝洁瑛,演员
30154,XeniaKalogeropoulou,演员
30155,托玛斯·博·拉森,演员
30156,黄圣依,演员
30157,辻亲八,演员
30158,詹妮弗·安杰尔,演员
30159,唐语谦,演员
30160,玛格·阿夫里尔,演员
30161,马汀·麦格,演员
30162,拉里·拉普,演员
30163,大卫·哈伯,演员
30164,米歇尔·罗德里格兹,演员
30165,细川典江,演员
30166,BryanLarkin,演员
30167,JamesC.Morton,演员
30168,松隆子,演员
30169,帕丽斯·冯·戴克,演员
30170,泰特·多诺万,演员
30171,汤姆·汉克斯,演员
30172,西妮德·库萨克,演员
30173,杰克·巴农,演员
30174,赵文瑄,演员
30175,纳谷悟朗,演员
30176,博曼·伊拉尼,演员
30177,罗伯特·维斯多姆,演员
30178,大谷育江,演员
30179,科林·费尔斯,演员
30180,比尔·哈德尔,演员
30181,雷纳德·洛塞特,演员
30182,丹尼斯·安德森,演员
30183,约翰·齐甘,演员
30184,GilbertEmery,演员
30185,渡边谦,演员
30186,海莉·乔安妮·培根,演员
30187,雷夫·瓦朗,演员
30188,RobLandry,演员
30189,卡琳娜·卡普尔,演员
30190,约翰·特拉沃尔塔,演员
30191,蒂姆·布雷克·尼尔森,演员
30192,马特·罗斯,演员
30193,达科塔·范宁,演员
30194,托弗·戈瑞斯,演员
30195,西恩·奥斯汀,演员
30196,中川雅也,演员
30197,乔尔·麦克拉里,演员
30198,伊文娜·林奇,演员
30199,PeterPalmer,演员
30200,初井言荣,演员
30201,梁朝伟,演员
30202,丸山裕子,演员
30203,佩曼·莫阿迪,演员
30204,WilliamF.Leicester,演员
30205,宫口精二,演员
30206,马达范,演员
30207,胡军,演员
30208,克里斯汀娜·安娜波,演员
30209,杰弗里·德曼,演员
30210,苏拉·沙玛,演员
30211,比尔·奈伊,演员
30212,罗伯塔·马克斯韦尔,演员
30213,乔纳森·泰勒·托马斯,演员
30214,扎克·加利凡纳基斯,演员
30215,JanetShaw,演员
30216,肯尼思·洛纳根,演员
30217,薛耿求,演员
30218,罗伯特·迈尔斯,演员
30219,斯科特·安第斯,演员
30220,克拉拉·卡拉马伊,演员
30221,亚历克斯·霍,演员
30222,泰伦斯·霍华德,演员
30223,比莉·库克,演员
30224,爱尔莎·兰切斯特,演员
30225,杰西卡·查斯坦,演员
30226,伊恩·莫利·梅尔德伦,演员
30227,MiraMcKinney,演员
30228,阿诺德·沃斯洛,演员
30229,雅克·贝汉,演员
30230,梅·维贾,演员
30231,卡夏·斯穆特尼亚克,演员
30232,昆林·艾格匹,演员
30233,米歇尔·威廉姆斯,演员
30234,迪布拉·穆尼,演员
30235,特里-托马斯,演员
30236,托马斯·阿诺德,演员
30237,梅利莎·古德温,演员
30238,伊安·布尔费尔德,演员
30239,温水洋一,演员
30240,刘广宁,演员
30241,金士杰,演员
30242,鲁伯特·雷德,演员
30243,丹·哈达亚,演员
30244,海利·安妮·内尔森,演员
30245,凯拉·奈特莉,演员
30246,罗伯特·泰勒,演员
30247,克里斯托弗·马克斯韦尔,演员
30248,拉塞尔·皮特斯,演员
30249,小林薰,演员
30250,麦克·韦柏,演员
30251,乔·曼特纳,演员
30252,米歇尔·罗班,演员
30253,让·德尔瓦尔,演员
30254,塞缪尔·洛德·布莱克,演员
30255,伍迪·哈里森,演员
30256,列维·施瑞博尔,演员
30257,伯纳德·怀特,演员
30258,杰瑞米·艾恩斯,演员
30259,祖德·塞克利拉,演员
30260,约翰·卡西尼,演员
30261,米歇尔·菲佛,演员
30262,乔榛,演员
30263,西村知道,演员
30264,MariavonTrapp,演员
30265,基恩·鲁弗洛,演员
30266,露易丝·拉塞尔,演员
30267,杉村春子,演员
30268,于尔班·康塞利埃,演员
30269,哈里·斯塔布斯,演员
30270,凯文·迈克尔·理查德森,演员
30271,萨拉·西尔弗曼,演员
30272,尤金·奥斯门特,演员
30273,托马斯·阿拉纳,演员
30274,LuigiDeLuca,演员
30275,小佩德罗·阿门达里斯,演员
30276,兰道尔·爱德华,演员
30277,陈湘琪,演员
30278,黄霑,演员
30279,倍赏千惠子,演员
30280,詹妮弗·莫里森,演员
30281,迪尔克·范登贝格,演员
30282,林雪,演员
30283,尚卡尔·萨查德夫,演员
30284,斯科特·迈克尔·坎贝尔,演员
30285,泽田谦也,演员
30286,法缇玛·萨那·纱卡,演员
30287,弗莱德·克莱恩,演员
30288,诺埃尔·达扎尔,演员
30289,二勇,演员
30290,MimmoPoli,演员
30291,雅克·博杜因,演员
30292,安部春香,演员
30293,梅利莎·乔治,演员
30294,赫尔曼·德·席尔瓦,演员
30295,孙黎,演员
30296,希瑟·孟席斯-尤里克,演员
30297,费米·依鲁福祖,演员
30298,亨弗莱·鲍嘉,演员
30299,珍妮特·萨诺,演员
30300,瑞斯·达比,演员
30301,多米尼克·斯万,演员
30302,VittoriaCrispo,演员
30303,费雯·丽,演员
30304,赫伯特·埃文斯,演员
30305,TexRubinowitz,演员
30306,JasonMcGuire,演员
30307,罗伯特·拉萨多,演员
30308,科瑞·雷诺兹,演员
30309,井上和彦,演员
30310,朱自清,演员
30311,伊芙·布伦特,演员
30312,凯文·史派西,演员
30313,金时厚,演员
30314,唐如韫,演员
30315,悠木碧,演员
30316,西尔瓦娜·曼加诺,演员
30317,萨日娜·法哈蒂,演员
30318,黛比·特纳,演员
30319,切尔西·赫特福德,演员
30320,埃德·斯托帕德,演员
30321,巴特熊,演员
30322,马丁·布拉巴赫,演员
30323,乔·平格,演员
30324,克里斯托弗·洛伊德,演员
30325,加里·库珀,演员
30326,蒂姆·罗宾斯,演员
30327,杰夫·赫普内尔,演员
30328,约翰尼·李·米勒,演员
30329,布兰达·布莱斯,演员
30330,约翰·德·兰西,演员
30331,西蒙·克雷恩,演员
30332,柳承龙,演员
30333,玛丽昂·歌迪亚,演员
30334,马克·马戈利斯,演员
30335,尼古拉斯·丹尼尔·冈萨雷斯,演员
30336,扬·拉布森,演员
30337,瑞斯·伊凡斯,演员
30338,让-保罗·博奈雷,演员
30339,GeraldOliverSmith,演员
30340,大泉洋,演员
30341,李·斯特拉斯伯格,演员
30342,风吹淳,演员
30343,SigneEgholmOlsen,演员
30344,CecilReynolds,演员
30345,CatherineWyler,演员
30346,埃琳娜·布奇,演员
30347,铃木亮平,演员
30348,乔治·沃斯科维奇,演员
30349,肖恩·康纳利,演员
30350,萨尔瓦多·雷耶斯,演员
30351,陈捷文,演员
30352,卡兰·麦克奥利菲,演员
30353,阿梅德奥·纳扎里,演员
30354,帕迪·康斯戴恩,演员
30355,杰瑞德·哈里斯,演员
30356,居伊·格罗索,演员
30357,余贵美子,演员
30358,西格妮·韦弗,演员
30359,山口诗史,演员
30360,海蒂·麦克丹尼尔斯,演员
30361,山姆·道格拉斯,演员
30362,袁满,演员
30363,西尔莎·罗南,演员
30364,GeorgeM.Carleton,演员
30365,海顿·潘妮蒂尔,演员
30366,吉田理保子,演员
30367,文斯·沃恩,演员
30368,JimmyAubrey,演员
30369,哥德昂·布克哈德,演员
30370,RichardO'Barry,演员
30371,派翠西娅·克拉克森,演员
30372,程玉珠,演员
30373,PippoProvvidenti,演员
30374,任时完,演员
30375,威廉希路,演员
30376,千秋实,演员
30377,陈强,演员
30378,EastonGage,演员
30379,LoclannAiken,演员
30380,PaulWatson,演员
30381,石田卓也,演员
30382,吉娜·罗兰兹,演员
30383,富永美伊奈,演员
30384,弗里德里克·贝得勒支,演员
30385,加里·洛克伍德,演员
30386,马克斯·马蒂尼,演员
30387,罗恩·沃斯,演员
30388,希·庞德,演员
30389,苏茜·爱米斯,演员
30390,永井一郎,演员
30391,托尔斯滕·米凯利斯,演员
30392,瑛太,演员
30393,刘镇伟,演员
30394,烈子,演员
30395,卡拉·梅迪纳,演员
30396,史蒂芬·鲍德温,演员
30397,弗洛拉·吉耶,演员
30398,里特维克·萨霍里,演员
30399,萨瓦特利·卡西欧,演员
30400,杰克·乔治,演员
30401,马修·卡索维茨,演员
30402,凯文·苏斯曼,演员
30403,史蒂夫·卡瑞尔,演员
30404,李璟荣,演员
30405,埃文哈特,演员
30406,菲利普·努瓦雷,演员
30407,冯国强,演员
30408,道格·伊·道格,演员
30409,路易吉·皮斯蒂利,演员
30410,J·M·克里根,演员
30411,约瑟夫·高登-莱维特,演员
30412,M·K·拉伊纳,演员
30413,大卫·埃伯利斯,演员
30414,CharlesIrwin,演员
30415,高木均,演员
30416,岛崎信长,演员
30417,杰拉德·巴特勒,演员
30418,奥莉维亚·威廉姆斯,演员
30419,伍娜·戴蒙,演员
30420,唐·麦克马纳斯,演员
30421,莱昂纳多·斯巴拉格利亚,演员
30422,王迅,演员
30423,马尔戈萨·格贝尔,演员
30424,FrancoCorsaro,演员
30425,蒂姆·艾伦,演员
30426,玛丽·爱丽丝,演员
30427,樊光耀,演员
30428,托马斯·马里亚诺,演员
30429,布雷南·布朗,演员
30430,林鸿铭,演员
30431,GeorgeDee,演员
30432,朱利亚娜·洛约迪切,演员
30433,达纳·盖尔,演员
30434,EnriqueAcosta,演员
30435,吴淑琨,演员
30436,胡明,演员
30437,约翰·拉维尔,演员
30438,佐藤允,演员
30439,齐·麦克布赖德,演员
30440,乔纳森·萨加尔,演员
30441,伊桑·霍克,演员
30442,弗兰克·德安布罗西奥,演员
30443,彼得·雅各布,演员
30444,于鼎,演员
30445,RiadGalayini,演员
30446,范文雀,演员
30447,宫路佳具,演员
30448,金英爱,演员
30449,神代知衣,演员
30450,张正阳,演员
30451,金·多诺万,演员
30452,SteveCarruthers,演员
30453,约翰·利思戈,演员
30454,伊嘉·比肯费尔德,演员
30455,奥罗拉·夸特罗基,演员
30456,TorbenMeyer,演员
30457,詹姆斯·瑞马尔,演员
30458,克林特·伊斯特伍德,演员
30459,谷中敦,演员
30460,基根·麦金托什,演员
30461,埃利亚斯·穆巴里克,演员
30462,史蒂夫·萨斯坎德,演员
30463,考乐姆·吉斯·雷尼,演员
30464,瑙玛·希拉,演员
30465,罗伯特·卡拉丁,演员
30466,邱岳峰,演员
30467,布莱德利·惠特福德,演员
30468,理查德·坎贝尔,演员
30469,索·豪黑,演员
30470,梅里拉·扎雷伊,演员
30471,尼尔·哈夫,演员
30472,赵牡丹,演员
30473,保拉·布鲁布尼,演员
30474,布丽姬·穆娜,演员
30475,ChristianAnkowitsch,演员
30476,查尔敏·卡尔,演员
30477,雷·沃纳尔,演员
30478,MasumeDair,演员
30479,MohammedHassan,演员
30480,TanveerK.Atwal,演员
30481,別所哲也,演员
30482,菲利普·罗斯,演员
30483,糸井重里,演员
30484,詹姆斯·塞托,演员
30485,丹尼尔·特鲁希特,演员
30486,杰里米·西奥伯德,演员
30487,兴梠里美,演员
30488,黛安·基顿,演员
30489,玛格丽特·伯特,演员
30490,尼古拉斯·霍尔特,演员
30491,SilvioBagolini,演员
30492,卡尔艾拉切,演员
30493,克劳德·雷恩斯,演员
30494,迈克尔·维约,演员
30495,加布里埃尔·曼,演员
30496,约翰·威廉姆斯,演员
30497,安东尼·安德鲁斯,演员
30498,阿若·希利,演员
30499,卡尔文·C·温布什,演员
30500,凯斯·索西,演员
30501,贾致钢,演员
30502,维拉·迈尔斯,演员
30503,邵茹贞,演员
30504,约翰·库萨克,演员
30505,堤真一,演员
30506,比尔·帕克斯顿,演员
30507,加里·格兰特,演员
30508,乔什·库雷,演员
30509,德斯蒙德·杜布,演员
30510,刘玉玲,演员
30511,市原悦子,演员
30512,基里安·墨菲,演员
30513,迪诺·法赞尼,演员
30514,MatthewRobertKelly,演员
30515,桑德拉·布洛克,演员
30516,马可·贾利尼,演员
30517,亚美利哥·丰塔尼,演员
30518,约翰·迪·玛吉欧,演员
30519,梁正晖,演员
30520,JoeAlaskey,演员
30521,加里·A·赫克,演员
30522,道格·休切逊,演员
30523,弗兰塞斯克·奥雷利亚,演员
30524,杰森·斯坦森,演员
30525,里克·扬,演员
30526,胡大为,演员
30527,本木雅弘,演员
30528,克里斯·鲍尔,演员
30529,阿曼达·皮特,演员
30530,YotaArgyropoulou,演员
30531,岩男润子,演员
30532,EdAgresti,演员
30533,詹妮弗·艾斯波西多,演员
30534,苏达拉·布查蓬,演员
30535,康拉德·皮拉,演员
30536,安东尼·埃斯特拉,演员
30537,杰克·克卢格曼,演员
30538,彼得·吕尔林,演员
30539,杰克·托马斯,演员
30540,萨姆·沃辛顿,演员
30541,亚伯拉罕·阿罗诺夫斯基,演员
30542,乔·洛·特鲁格里奥,演员
30543,威廉姆·德瓦内,演员
30544,陈坤,演员
30545,理查德·里尔,演员
30546,梁家仁,演员
30547,本·申克曼,演员
30548,MarianePlasteig,演员
30549,李子雄,演员
30550,EdDavis,演员
30551,蕾拉·哈塔米,演员
30552,亨利·G.桑德斯,演员
30553,汤米·钟,演员
30554,弗兰基·费森,演员
30555,BobMorrisey,演员
30556,苏菲·玛索,演员
30557,小林优子,演员
30558,斯特里奥·萨万特,演员
30559,理查德·吴,演员
30560,瑞恩·赫斯特,演员
30561,神木隆之介,演员
30562,林凌雅,演员
30563,伊丽莎白·班克斯,演员
30564,C·J·威尔逊,演员
30565,克里斯托夫·高格勒,演员
30566,理查德·约翰逊,演员
30567,蒂姆·皮戈特-史密斯,演员
30568,妲露拉·莱莉,演员
30569,林威,演员
30570,马拉·苏查雷特扎,演员
30571,克塞尼亚·索罗,演员
30572,安妮卡·韦德科普,演员
30573,迈克尔·康特里曼,演员
30574,松冈茉优,演员
30575,卡尔·马图斯维奇,演员
30576,丽塔·莫雷诺,演员
30577,GregFawcett,演员
30578,凯瑟琳·纽顿,演员
30579,吕齐,演员
30580,马特·狄龙,演员
30581,孙佳君,演员
30582,吉恩·凯利,演员
30583,树木希林,演员
30584,克劳斯·芒斯特,演员
30585,千禹熙,演员
30586,茅斯·达夫,演员
30587,克兰伦斯·威廉姆斯三世,演员
30588,乔西·特立尼达,演员
30589,加布里埃尔·伯恩,演员
30590,斯科特·安德森,演员
30591,约翰·瑞斯-戴维斯,演员
30592,沃尔特·多纳多,演员
30593,巴巴克·卡里米,演员
30594,米兰达·卡斯格拉夫,演员
30595,史蒂芬·朗,演员
30596,ColinCampbell,演员
30597,艾莉·布莱恩特,演员
30598,杨瑜珍,演员
30599,艾米·斯马特,演员
30600,弗兰西丝·费舍,演员
30601,乔伊·安沙,演员
30602,阿尔多,演员
30603,科鲁姆·费奥瑞,演员
30604,鲁珀特·格雷夫斯,演员
30605,海伦娜·伯翰·卡特,演员
30606,瑞恩·菲利普,演员
30607,吴宇森,演员
30608,内森·连恩,演员
30609,桑尼·施罗耶,演员
30610,施融,演员
30611,新井浩文,演员
30612,奥兰多·布鲁姆,演员
30613,斯加特曼·克罗索斯,演员
30614,萨拉·罗默尔,演员
30615,瑞内·菲利斯·史密斯,演员
30616,RichardEmory,演员
30617,杰瑞德·莱托,演员
30618,简·拉塞尔,演员
30619,朱利安·沃德姆,演员
30620,江守彻,演员
30621,皮特·萨加尔,演员
30622,温翠苹,演员
30623,埃德加·拉米雷兹,演员
30624,约翰·赵,演员
30625,乔什·哈奈特,演员
30626,埃里克·斯托尔兹,演员
30627,伊恩·布罗茨基,演员
30628,杰洛·里佛斯,演员
30629,卡尔利斯·布克,演员
30630,江原正士,演员
30631,李丹,演员
30632,室井滋,演员
30633,诺娜·加耶,演员
30634,伊莎贝尔·朱尔,演员
30635,塞巴斯蒂安·斯坦,演员
30636,安东尼·霍普金斯,演员
30637,吉莉·西蒙,演员
30638,安娜·奥菲丽亚·莫吉亚,演员
30639,瓦内萨·马赛尔,演员
30640,埃茜·戴维斯,演员
30641,本·怀特,演员
30642,保罗·梅塞,演员
30643,阿蜜拉·卡萨,演员
30644,卡维塔帕蒂尔,演员
30645,罗尔夫·萨克森,演员
30646,IsabelRose,演员
30647,MarcoTulli,演员
30648,杰森·席格尔,演员
30649,玛丽萨·帕雷德斯,演员
30650,比尔·欧文,演员
30651,詹姆斯·肯恩,演员
30652,瑞安·柯尔,演员
30653,王菲,演员
30654,KatelynPacitto,演员
30655,NiallO'Brien,演员
30656,EdwardLeSaint,演员
30657,RobertFoulk,演员
30658,杰夫·格尔林,演员
30659,朱茵,演员
30660,汉斯-尤韦·鲍尔,演员
30661,沃尔特·詹姆斯,演员
30662,丹尼尔·里希特,演员
30663,伊迪·迈克莱尔,演员
30664,阿里-阿萨哈·萨哈巴齐,演员
30665,石田百合子,演员
30666,志村知幸,演员
30667,莎莉·菲尔德,演员
30668,PieroPastore,演员
30669,柄本明,演员
30670,优恵,演员
30671,路德维希·施托塞尔,演员
30672,斯蒂芬·弗雷,演员
30673,克洛蒂尔德·莫勒,演员
30674,勒兰德·奥瑟,演员
30675,路易·西霍尤斯,演员
30676,杰米·钟,演员
30677,钟绍图,演员
30678,许鞍华,演员
30679,露塞尔·沃特森,演员
30680,吉塔·施维赫夫,演员
30681,理查·基尔,演员
30682,托蕊·海金森,演员
30683,FredDatigJr.,演员
30684,奥之矢佳奈,演员
30685,周韵,演员
30686,吉姆·瓦德,演员
30687,卡洛琳·赫弗斯,演员
30688,苏珊娜·洛塔尔,演员
30689,詹姆斯·恩布里,演员
30690,马诺·巴克什,演员
30691,安库塔·布雷班,演员
30692,迈克尔·博尔顿,演员
30693,安格斯·桑普森,演员
30694,PhilDunham,演员
30695,艾伦·旁派,演员
30696,JohnJabaley,演员
30697,JustinRodgersHall,演员
30698,詹姆斯·布洛林,演员
30699,彼得·德·席尔瓦,演员
30700,今敏,演员
30701,詹姆斯·丹顿,演员
30702,串田和美,演员
30703,道格拉斯·席尔瓦,演员
30704,江原由希子,演员
30705,迈克尔·阿伯特,演员
30706,普佩拉·玛奇奥,演员
30707,吴念真,演员
30708,秦沛,演员
30709,戴夫·帕特尔,演员
30710,新山志保,演员
30711,姜武,演员
30712,ArthurDulac,演员
30713,保罗·吉亚玛提,演员
30714,凯瑞·穆里根,演员
30715,苏菲·奥康内多,演员
30716,边熙峰,演员
30717,多丽丝·劳埃德,演员
30718,理查德·劳斯伯格,演员
30719,萨曼塔·马霍林,演员
30720,笹野高史,演员
30721,史蒂文·布里尔,演员
30722,关户优希,演员
30723,AngeloPellegrino,演员
30724,赛尔乔·比尼·布斯特里克,演员
30725,LucianoFederico,演员
30726,谭瓒强,演员
30727,埃迪·琼斯,演员
30728,安东尼·爱德华兹,演员
30729,蒂丝卡·乔普拉,演员
30730,劳伦斯·菲什伯恩,演员
30731,德里克·李,演员
30732,莫里斯·贝尼舒,演员
30733,村野友希,演员
30734,丛志军,演员
30735,马提亚斯·布伦纳,演员
30736,斯坦利·图齐,演员
30737,京町子,演员
30738,阿曼达·普拉莫,演员
30739,FredMalatesta,演员
30740,法布里奇奥·范特,演员
30741,克莱特·惠特克,演员
30742,薇诺娜·瑞德,演员
30743,左小青,演员
30744,吴孟达,演员
30745,神山卓三,演员
30746,迈克尔·D·科恩,演员
30747,MurdockMacQuarrie,演员
30748,保罗·巴特尔,演员
30749,麦肯吉·弗依,演员
30750,杰拉·哈斯,演员
30751,蒙蒂·布卢,演员
30752,张璐,演员
30753,卡罗丽娜·维拉·斯克利亚,演员
30754,理查德·卡特,演员
30755,三船敏郎,演员
30756,保罗·雷瑟,演员
30757,安迪·加西亚,演员
30758,乔伊芙·拉文,演员
30759,安东尼奥·里莫尔迪,演员
30760,亚美莉卡·费雷拉,演员
30761,金相庆,演员
30762,迈尔斯·杰弗里,演员
30763,马特·杰拉德,演员
30764,詹妮弗·加纳,演员
30765,加布里埃尔·瑞丝,演员
30766,罗伯特·塞拉,演员
30767,凯蒂·洛斯,演员
30768,陈妤,演员
30769,童弟,演员
30770,冈本玉二,演员
30771,琳达·汉密尔顿,演员
30772,艾米丽·芭尔多尼,演员
30773,戴维·迈克尔·西尔弗曼,演员
30774,清水萌萌子,演员
30775,米哈利·绍鲍多什,演员
30776,聂卓晶,演员
30777,梅洛拉·沃尔特斯,演员
30778,休罗斯,演员
30779,西蒙·西涅莱,演员
30780,詹姆斯·伍兹,演员
30781,拉兹·阿隆索,演员
30782,瑞奇·杰,演员
30783,金·寇兹,演员
30784,代少波,演员
30785,文森特·沃尔什,演员
30786,叶夫盖尼·拉扎列夫,演员
30787,爱德华·詹姆斯·奥莫斯,演员
30788,朴信惠,演员
30789,艾伦·阿金,演员
30790,弗里德里希·冯·图恩,演员
30791,榊原良子,演员
30792,廖爱玲,演员
30793,温斯顿·丘吉尔,演员
30794,埃莱娜·卡多纳,演员
30795,克里斯托弗·卡比,演员
30796,琼·库萨克,演员
30797,约翰·斯坦丁,演员
30798,杰克·达文波特,演员
30799,朱塞佩·托纳多雷,演员
30800,大卫·卡耶,演员
30801,达蒙·冈普顿,演员
30802,鲍皓昕,演员
30803,简·哈根,演员
30804,托尼·托德,演员
30805,罗根·勒曼,演员
30806,KyraMeyer,演员
30807,唐娜·里德,演员
30808,波伊德·霍布鲁克,演员
30809,凯瑞-安·莫斯,演员
30810,顾锦华,演员
30811,乔治·马丁,演员
30812,威廉姆·李·斯科特,演员
30813,雅克·萨布隆,演员
30814,GildoBocci,演员
30815,长泽雅美,演员
30816,吉亚尼·罗素,演员
30817,本·卫肖,演员
30818,马丁·鲍尔萨姆,演员
30819,HayatiAkbas,演员
30820,罗杰·里斯,演员
30821,前田旺志郎,演员
30822,林子善,演员
30823,斯蒂菲·格罗特,演员
30824,恩里奇·雷德曼,演员
30825,埃琳诺·帕克,演员
30826,凯文·德·拉·诺伊,演员
30827,洪其德,演员
30828,狄迪尔·弗拉蒙,演员
30829,哈里·列尼斯,演员
30830,AlvinEllie,演员
30831,里德·彭尼,演员
30832,维克托瓦尔·杜·波依斯,演员
30833,汤姆·罗斯奎,演员
30834,E.G.马绍尔,演员
30835,玛丽亚·彭斯卡娅,演员
30836,布莱恩·普林格,演员
30837,MaurizioArena,演员
30838,吕颂贤,演员
30839,克里斯·桑德斯,演员
30840,英达,演员
30841,劳伦·辛克莱尔,演员
30842,张一白,演员
30843,阿尔巴·罗尔瓦赫尔,演员
30844,杰罗姆·兰福特,演员
30845,迈尔斯·特勒,演员
30846,乌尔里希·穆埃,演员
30847,奥德雷·弗勒罗,演员
30848,磨赤儿,演员
30849,玛娅·鲁道夫,演员
30850,大卫·文翰,演员
30851,吉奥瓦尼·瑞比西,演员
30852,凯文·迪特斯,演员
30853,马塞洛·马斯楚安尼,演员
30854,坦图·卡丁诺,演员
30855,朱宝意,演员
30856,PaulScardon,演员
30857,弗吉尼亚·菲尔德,演员
30858,科莱特·布罗塞,演员
30859,迪恩·诺里斯,演员
30860,裴淳华,演员
30861,杰克·塔尔登,演员
30862,乔丹·长井,演员
30863,艾玛·朗,演员
30864,马克西姆·梅米特,演员
30865,玛丽·马凯,演员
30866,LalChandMehra,演员
30867,克里斯·埃里斯,演员
30868,伊默恩·沃克,演员
30869,PatFlaherty,演员
30870,皮特·沃恩,演员
30871,彼得·阿佩尔,演员
30872,DanChase,演员
30873,约翰·达根,演员
30874,澳澜·琼斯,演员
30875,JeanDeBriac,演员
30876,吴大维,演员
30877,穆瓦科·卡姆布卡,演员
30878,WinnieHung,演员
30879,迈克尔·克兰茨,演员
30880,戴布思·格里尔,演员
30881,马里奥·卡萨斯,演员
30882,迪利普·劳,演员
30883,田中秀幸,演员
30884,索纳利·萨查德夫,演员
30885,阿尔梅尔,演员
30886,斯蒂芬·亨德森,演员
30887,尼古拉斯·布兰登,演员
30888,槐柳二,演员
30889,亚历桑德雷·罗德里格斯,演员
30890,杰克·布莱克,演员
30891,保罗·梅森,演员
30892,宫西美奈子,演员
30893,保罗·麦克兰尼,演员
30894,本·阿弗莱克,演员
30895,丹尼·库克塞,演员
30896,ClaudioErmelli,演员
30897,约翰·C·赖利,演员
30898,爱德华·阿斯纳,演员
30899,LowdenAdams,演员
30900,田启文,演员
30901,古泽彻,演员
30902,伊莱亚斯·科泰斯,演员
30903,彼得·斯皮尔斯,演员
30904,萨布丽娜·格德维奇,演员
30905,奥利维娅·德哈维兰,演员
30906,莱雅·卡里恩斯,演员
30907,吉娜·诺维勒,演员
30908,布莱恩·豪威,演员
30909,杰弗里·布莱克,演员
30910,布兰登·萨克斯顿,演员
30911,金妮弗·古德温,演员
30912,王渝文,演员
30913,劳拉·格林伍德,演员
30914,凯尔·杜拉,演员
30915,艾瑞克·林登,演员
30916,毕崔斯·罗森,演员
30917,KathyDombo,演员
30918,葛素媛,演员
30919,西井幸人,演员
30920,GailBonney,演员
30921,GeorgeKirby,演员
30922,殿山泰司,演员
30923,安娜·申茨,演员
30924,莎拉·威多斯,演员
30925,MacSteinmeier,演员
30926,李梓,演员
30927,MauriceBrierre,演员
30928,凯文·韦斯特,演员
30929,马龙·白兰度,演员
30930,克里斯托弗·沃尔兹,演员
30931,黄汉琪,演员
30932,GeoffreySteele,演员
30933,PietroNotarianni,演员
30934,汤姆·休斯,演员
30935,爱德华·宾斯,演员
30936,罗薇娜·戴蒙德,演员
30937,兰斯·E·尼克尔斯,演员
30938,田丰,演员
30939,杜安·蔡斯,演员
30940,莉莲·肯布尔-库珀,演员
30941,SidneyCole,演员
30942,米歇尔·拉夫,演员
30943,弗朗西斯·X·麦卡蒂,演员
30944,希瑟·乔伊·谢尔,演员
30945,内斯特·卡博内尔,演员
30946,堀胜之祐,演员
30947,休·基斯-拜恩,演员
30948,凯文·麦克纳利,演员
30949,汉斯·魏因加特纳,演员
30950,三木真一郎,演员
30951,艾米·波勒,演员
30952,凯特·玛拉,演员
30953,凯伦·皮特曼,演员
30954,柯克·道格拉斯,演员
30955,迈克·克拉克·邓肯,演员
30956,罗德里戈·桑托罗,演员
30957,埃里卡·麦克德莫特,演员
30958,北野武,演员
30959,桑贾伊·达迪克,演员
30960,雅尼卡·桑普蕾舞,演员
30961,罗杰·阿拉姆,演员
30962,刘德华,演员
30963,瓦伦蒂娜·卡迪纳利,演员
30964,塔斯黛·韦尔德,演员
30965,SteffiDuna,演员
30966,丹尼斯·利瑞,演员
30967,山姆·洛巴兹,演员
30968,杰弗里·塞尔,演员
30969,露琪亚·萨多,演员
30970,陈国坤,演员
30971,罗姗娜·阿奎特,演员
30972,安古斯·麦克菲登,演员
30973,帕特·威尔士,演员
30974,吴兴国,演员
30975,泰莉莎·帕尔墨,演员
30976,杰弗里·奈特,演员
30977,JeanHeremans,演员
30978,周星驰,演员
30979,罗宾·怀特,演员
30980,汤姆·康威,演员
30981,马丁·加拉拉加,演员
30982,JanetWaldo,演员
30983,薛芷伦,演员
30984,大卫·哈雷伍德,演员
30985,艾德·哈里斯,演员
30986,希尔德加德·斯罗德,演员
30987,加利·艾尔维斯,演员
30988,凯文·杜恩,演员
30989,SvilenaKidess,演员
30990,鲁本·兰登,演员
30991,郑佩佩,演员
30992,广末凉子,演员
30993,太田真一郎,演员
30994,米特·洛夫,演员
30995,凯特·温丝莱特,演员
30996,安东尼·博金斯,演员
30997,迈克尔·艾伦·米利甘,演员
30998,熊欣欣,演员
30999,伊万·麦克格雷格,演员
31000,北林谷荣,演员
31001,艾比·考尼什,演员
31002,拉塞尔·布兰德,演员
31003,托比亚斯·阿姆博瑞,演员
31004,BarryJulien,演员
31005,米歇尔·梅斯默,演员
31006,阿彦·汗,演员
31007,保罗·希纳尔,演员
31008,汤姆·贝伦杰,演员
31009,陈凯师,演员
31010,丹尼斯·邓恩,演员
31011,苏秀,演员
31012,孙靖,演员
31013,江川央生,演员
31014,本名阳子,演员
31015,海伦·海丝,演员
31016,述平,演员
31017,LuigiMoneta,演员
31018,TexCooper,演员
31019,马丁·贾维斯,演员
31020,中村大树,演员
31021,福松进纱,演员
31022,片平渚,演员
31023,塞巴斯蒂安·科赫,演员
31024,小林桂树,演员
31025,亨利·伯格曼,演员
31026,金伯莉·贝克,演员
31027,奥玛·杜姆,演员
31028,查尔斯·丹斯,演员
31029,德拉·萨巴,演员
31030,马修·奥尼尔,演员
31031,宝拉·佩尔,演员
31032,CharlesHambleton,演员
31033,伊莱耶斯·加贝尔,演员
31034,桐岛加恋,演员
31035,吉里什·库卡尼,演员
31036,归亚蕾,演员
31037,WilliamEdmunds,演员
31038,郑希怡,演员
31039,巴里·德尔·舍曼,演员
31040,斯图尔特·霍姆斯,演员
31041,大卫·布里斯宾,演员
31042,亚当·诺威尔,演员
31043,罗伯特·哈珀,演员
31044,查德·斯塔赫斯基,演员
31045,寺崎裕香,演员
31046,丹尼尔·逊亚塔,演员
31047,入野自由,演员
31048,艾丽莎·奈特,演员
31049,阿罗拉·凯瑟琳·史密斯,演员
31050,余文乐,演员
31051,帕特里克·赫辛格,演员
31052,汤姆·古德曼-希尔,演员
31053,黎明,演员
31054,麦迪逊·贝蒂,演员
31055,史建全,演员
31056,姜文,演员
31057,雪莉·琳恩,演员
31058,玛丽莎·贾里特·威诺克,演员
31059,阿米尔·汗,演员
31060,F·默里·亚伯拉罕,演员
31061,布莱恩·科兰斯顿,演员
31062,EmmaField-Rayner,演员
31063,安德烈提多娜,演员
31064,内芙·加切夫,演员
31065,金雷河,演员
31066,唐·钱德尔,演员
31067,苏珊·布洛马特,演员
31068,布兰登·费舍,演员
31069,希思科特·威廉姆斯,演员
31070,菲奥娜·黑尔,演员
31071,ElizabethDennehy,演员
31072,GaetanoAronica,演员
31073,泰勒·吉蕾,演员
31074,席洛·格林,演员
31075,帕诺斯·科罗尼斯,演员
31076,克里斯汀·韦格,演员
31077,FionaBell,演员
31078,吉姆·卡维泽,演员
31079,约翰尼·德普,演员
31080,芭芭拉·欧内尔,演员
31081,LesterSharpe,演员
31082,苏珊·波尔法,演员
31083,郑仁絮,演员
31084,凯瑟琳·基纳,演员
31085,土井美加,演员
31086,PatriciaRae,演员
31087,王启赞,演员
31088,德怀特·马费尔德,演员
31089,杰瑞米·戴维斯,演员
31090,冯小刚,演员
31091,沈慧芬,演员
31092,丹·卡斯泰兰尼塔,演员
31093,维品·沙尔马,演员
31094,王祖贤,演员
31095,Diabolo,演员
31096,肯·马里诺,演员
31097,JoãoCostaMenezes,演员
31098,蜜西·雅格,演员
31099,阿格妮丝·那诺,演员
31100,玛丽·杜布瓦,演员
31101,艾米·汉莫,演员
31102,皮埃尔·柯芬,演员
31103,梅根·保罗,演员
31104,阿兰·弗吉,演员
31105,卢卡斯·哈斯,演员
31106,JoeDustin,演员
31107,丹尼·格洛弗,演员
31108,筱原惠美,演员
31109,马里奥·托迪斯科,演员
31110,莫妮卡·波特,演员
31111,威廉·弗西斯,演员
31112,艾力克斯·伯恩斯,演员
31113,艾丹·吉伦,演员
31114,艾伦·格里尼,演员
31115,尼克·格里姆肖,演员
31116,大竹忍,演员
31117,杰伊·巴鲁切尔,演员
31118,艾伦·吉福德,演员
31119,威廉姆·卡特,演员
31120,巴哈·帕斯,演员
31121,博·勒纳,演员
31122,董立范,演员
31123,高乃丽,演员
31124,卢燕,演员
31125,布莱恩·克辛格,演员
31126,詹姆斯·柯本,演员
31127,迈克·巴特斯,演员
31128,酒井美纪,演员
31129,安德鲁·加菲尔德,演员
31130,马克·史密斯,演员
31131,凯西·贝克,演员
31132,吉尔克里斯特·斯图尔特,演员
31133,罗谢尔·奥利弗,演员
31134,詹妮特·蒙哥马利,演员
31135,罗伯特·奥利维里,演员
31136,PhyllisBarry,演员
31137,雷蒙德·库特哈德,演员
31138,拉维·汗维尔卡尔,演员
31139,李健兴,演员
31140,尚楠,演员
31141,梁田清之,演员
31142,丹尼斯·克里斯托弗,演员
31143,杜威·罗宾逊,演员
31144,RichardD'Alessandro,演员
31145,FriederVenus,演员
31146,科斯马·肖,演员
31147,迈克尔·刚本,演员
31148,乔·大卫·摩尔,演员
31149,皱缇格,演员
31150,GeorgesRenavent,演员
31151,梶冈润一,演员
31152,WalterLawrence,演员
31153,马内尔·杜维索,演员
31154,梅根·盖尔,演员
31155,陈凯歌,演员
31156,尊龙,演员
31157,朱塞佩·巴蒂斯通,演员
31158,拉尔夫·费因斯,演员
31159,S·Z·萨卡尔,演员
31160,纳撒尼尔·布佐尼克,演员
31161,菲尔·约翰斯顿,演员
31162,亚当·莱文,演员
31163,爱波·塔布琳,演员
31164,威廉·斯米利,演员
31165,玛蒂娜·乌尔塔多,演员
31166,吉娜·戴维斯,演员
31167,迈克尔·V·格佐,演员
31168,地亚哥·詹蒂莱,演员
31169,乔治·普林普顿,演员
31170,尼古拉斯·卡洛蒂,演员
31171,拉什·费加,演员
31172,黛安·克鲁格,演员
31173,梅里特·韦弗,演员
31174,达兰妮·弗鲁格,演员
31175,ZuzanaMonroe,演员
31176,理查德·哈里斯,演员
31177,丹尼斯·欧哈拉,演员
31178,史蒂夫·哈里斯,演员
31179,菲利普·麦格雷德,演员
31180,杰米·哈里斯,演员
31181,马修·麦克格罗里,演员
31182,保罗·吉尔福伊尔,演员
31183,蒂莫西·斯波,演员
31184,詹妮弗·艾莉,演员
31185,金子,演员
31186,沙尔曼·乔希,演员
31187,斯科特·威廉姆·文特斯,演员
31188,亚历桑德罗·尼沃拉,演员
31189,弗兰西丝·奥康纳,演员
31190,奥索利亚·茱莉娅·帕普,演员
31191,吉姆·皮多克,演员
31192,朴元尚,演员
31193,NormanStevans,演员
31194,今村鼠,演员
31195,CharlesMcNaughton,演员
31196,PatConway,演员
31197,李太力,演员
31198,帕特里克·马基,演员
31199,基诺科拉多,演员
31200,阿什莉·泰勒,演员
31201,CyrilThornton,演员
31202,DavidBair,演员
31203,哈特利·鲍尔,演员
31204,志村乔,演员
31205,角野卓造,演员
31206,伊莎贝尔·南蒂,演员
31207,斯图尔特·马修斯,演员
31208,泰德·拉文,演员
31209,哈莎莉·马洛特拉,演员
31210,花村怜美,演员
31211,玉井夕海,演员
31212,詹姆斯·海登,演员
31213,罗茜·汉丁顿-惠特莉,演员
31214,JohnGeorge,演员
31215,法纳·莫科纳,演员
31216,MacInTalk,演员
31217,施绮莲,演员
31218,土师孝也,演员
31219,马特·达蒙,演员
31220,瑞奇·摩尔,演员
31221,艾文·布莱纳,演员
31222,贾世忠,演员
31223,DanMaxwell,演员
31224,张国荣,演员
31225,王柏杰,演员
31226,罗家英,演员
31227,鲁迪·邦德,演员
31228,海尼·康克林,演员
31229,乔迪·约翰逊,演员
31230,雅各布·马琛茨,演员
31231,温迪·李,演员
31232,弗兰克·约翰·休斯,演员
31233,宫下荣治,演员
31234,托里奥·卡米纳提,演员
31235,拉腊·弗林·鲍尔,演员
31236,乔纳森·伊万斯-琼斯,演员
31237,沙克希·坦沃,演员
31238,简·林奇,演员
31239,丹尼尔·布鲁尔,演员
31240,张维,演员
31241,史蒂文·韦格,演员
31242,尼克·弗罗斯特,演员
31243,弗兰克·芬莱,演员
31244,金·凯瑞,演员
31245,乔纳森·吉尔,演员
31246,尼尔·萨默斯,演员
31247,莫尼克·加布里埃拉·库尔内,演员
31248,尼克·卡萨维茨,演员
31249,霍华德·C·希克曼,演员
31250,安东内拉·阿蒂利,演员
31251,卡尔·布瑞斯勒,演员
31252,张翼东,演员
31253,大卫·摩斯,演员
31254,T·J·劳瑟,演员
31255,CarloRizzo,演员
31256,瑞秋·麦克亚当斯,演员
31257,莱思莉·汉密尔顿·格伦,演员
31258,露口茂,演员
31259,拉菲·斯波,演员
31260,南宝拉,演员
31261,王梓尘,演员
31262,马克·伊瓦涅,演员
31263,西尔维斯特·格罗特,演员
31264,简妮·布鲁克,演员
31265,KirkKrack,演员
31266,格洛丽亚·福斯特,演员
31267,沃德·邦德,演员
31268,汤姆·霍兰德,演员
31269,汤姆·塞兹摩尔,演员
31270,马蒂娜·格德克,演员
31271,荒川良良,演员
31272,任珈锐,演员
31273,阿萨·巴特菲尔德,演员
31274,肖恩·奥哈根,演员
31275,罗伊·辛尼斯,演员
31276,丽贝卡·因德穆,演员
31277,卡赖伯·兰德里·琼斯,演员
31278,吴达洙,演员
31279,米尔斯·彼埃尔,演员
31280,伯恩·戈曼,演员
31281,马克·迈尔斯,演员
31282,周润发,演员
31283,寺田农,演员
31284,八千草薰,演员
31285,杰夫·高布伦,演员
31286,阿努克·斯特芬,演员
31287,泽索特·萨法尔·科夫卡,演员
31288,皮特·麦克罗比,演员
31289,拉什达·琼斯,演员
31290,布尔·斯蒂尔斯,演员
31291,中村彰男,演员
31292,BuddyMessinger,演员
31293,CharlieIan,演员
31294,毕克,演员
31295,CharlesAndre,演员
31296,玛格特·罗比,演员
31297,简·麦克尼尔,演员
31298,珍尼希斯·罗德里格兹,演员
31299,李连义,演员
31300,王晶,演员
31301,安原义人,演员
31302,平坦,演员
31303,罗宾·奈文,演员
31304,贾米·埃曼,演员
31305,马克·瑞安,演员
31306,竹下景子,演员
31307,玛丽亚·德·梅黛洛,演员
31308,威尔弗雷德·卢卡斯,演员
31309,金伯利·坎贝尔,演员
31310,杰克·麦克布瑞尔,演员
31311,LouisZorich,演员
31312,凯西·贝茨,演员
31313,彼特·丁拉基,演员
31314,原田芳雄,演员
31315,格温妮斯·帕特洛,演员
31316,布赖恩·戴拉特,演员
31317,张洋洋,演员
31318,迈克尔·多曼,演员
31319,耐德·巴拉米,演员
31320,肯·道里欧,演员
31321,让·达里,演员
31322,刘天池,演员
31323,理查·布莱恩特,演员
31324,泰勒·格鲁秀斯,演员
31325,吉尔·科德斯,演员
31326,马克·迪莱特,演员
31327,富润生,演员
31328,莫伊拉·凯利,演员
31329,盖尔·汉森,演员
31330,安娜·李,演员
31331,理查德·弗让吉,演员
31332,保罗•希普,演员
31333,北浦爱,演员
31334,大卫·田纳特,演员
31335,格雷格·科林斯,演员
31336,伊利亚·沃里克,演员
31337,詹姆斯·卡沙莫,演员
31338,斯宾塞·屈塞,演员
31339,查尔斯·劳顿,演员
31340,黛安·韦斯特,演员
31341,TomRiisFarrell,演员
31342,彼得·盖勒,演员
31343,本杰明·奥切恩格,演员
31344,托马·索利韦尔,演员
31345,乔·潘托里亚诺,演员
31346,佩里·米尔沃德,演员
31347,本·汉森,演员
31348,夏雨,演员
31349,爱资哈尔丁·穆罕默德·伊斯梅尔,演员
31350,黎祥荣,演员
31351,山本圭,演员
31352,RainerSellien,演员
31353,艾米丽·拉塔科斯基,演员
31354,加斯通·莫辛,演员
31355,姚二嘎,演员
31356,迈克尔·比恩,演员
31357,玛丽·凯瑟琳·歌瑞森,演员
31358,西村朋纮,演员
31359,芦田爱菜,演员
31360,阿锡娜·瑞秋·特桑阿里,演员
31361,里奥·故罗塔,演员
31362,塔拉吉·P·汉森,演员
31363,汤姆·麦卡穆斯,演员
31364,山姆·安德森,演员
31365,BettyAllen,演员
31366,玛西娅·让·库尔茨,演员
31367,冈田将生,演员
31368,韦尔达·布里奇斯,演员
31369,保罗·布里格斯,演员
31370,阿隆·鲁斯汀,演员
31371,加藤嘉,演员
31372,克劳迪奥·布鲁克,演员
31373,亨利·热内斯,演员
31374,米兰达·奥图,演员
31375,埃瓦德妮·贝克,演员
31376,莱昂纳多·迪卡普里奥,演员
31377,远藤宪一,演员
31378,路易丝·弗莱彻,演员
31379,纳塔莉·贝伊,演员
31380,黛博拉·奥夫纳,演员
31381,瑞贝卡·詹姆斯,演员
31382,LouiseLemoineTorrès,演员
31383,多姆纳尔·格里森,演员
31384,克里·约翰逊,演员
31385,多布杰,演员
31386,丹尼·曼恩,演员
31387,DougDeMaster,演员
31388,堀秀行,演员
31389,拉丝·弗格斯托姆,演员
31390,路易莎·莫里茨,演员
31391,佐伊·克罗维兹,演员
31392,罗莎琳德·拉塞尔,演员
31393,高桥和也,演员
31394,AlHarrington,演员
31395,WinifredHarris,演员
31396,乔什·斯图沃特,演员
31397,大卫·斯特雷泽恩,演员
31398,戴维·卡文迪什,演员
31399,GregoryGolubeff,演员
31400,萨米·纳塞利,演员
31401,格洛丽亚·德黑文,演员
31402,彼得·道博森,演员
31403,垣内彩未,演员
31404,詹姆斯·克伦威尔,演员
31405,丰川悦司,演员
31406,AlexanderPollard,演员
31407,里特奇·科斯特,演员
31408,安东尼·泽比,演员
31409,亚当·戈德堡,演员
31410,约翰·菲德勒,演员
31411,斯特兰·斯卡斯加德,演员
31412,拉利塔·拉伊米,演员
31413,托马斯·米切尔,演员
31414,丹尼尔C.斯瑞派克,演员
31415,安东尼·迈克尔·豪尔,演员
31416,宋智孝,演员
31417,何文辉,演员
31418,埃弗雷特·布朗,演员
31419,玛德琳·卡罗尔,演员
31420,乔雅·福克斯,演员
31421,弗洛拉·诺兰,演员
31422,肯特·法尔考,演员
31423,丁羽,演员
31424,菲利丝·史密斯,演员
31425,马龙·韦恩斯,演员
31426,斯科特·富兰克林,演员
31427,弗农·多布切夫,演员
31428,冈元夕纪子,演员
31429,铃木兰兰,演员
31430,三户耕三,演员
31431,高登·图托西斯,演员
31432,坦迪·牛顿,演员
31433,库尔特·莱特纳,演员
31434,马精武,演员
31435,伊萨·巴尔齐扎,演员
31436,杰克·瓦尔登,演员
31437,BetteArlen,演员
31438,沙拉·鲁宾,演员
31439,露西娅·莫尼斯,演员
31440,凯瑟琳·帕金森,演员
31441,赫尔穆特·丹丁,演员
31442,西里尔·伯尔尼科特,演员
31443,FlorineMcKinney,演员
31444,张华,演员
31445,亨利·方达,演员
31446,大卫·詹森,演员
31447,黄文捷,演员
31448,迈克尔·贝里曼,演员
31449,亚当·卡罗拉,演员
31450,迪普·罗伊,演员
31451,迈克尔·博萨,演员
31452,玛丽埃塔·耶米,演员
31453,郑有美,演员
31454,Kt·巴达萨罗,演员
31455,李兆基,演员
31456,文·瑞姆斯,演员
31457,盐屋翼,演员
31458,戴尔·温顿,演员
31459,寺杣昌纪,演员
31460,乔西·查尔斯,演员
31461,莫妮卡·比利亚,演员
31462,弗利,演员
31463,约翰·C·麦金雷,演员
31464,陈以文,演员
31465,凯文·康诺利,演员
31466,格雷戈·赛斯特罗,演员
31467,埃里克·约翰逊,演员
31468,兰迪·奎德,演员
31469,阿尔贝托·莫林,演员
31470,ChickCollins,演员
31471,乔希·达拉斯,演员
31472,哈里逊·杨,演员
31473,梅·克拉克,演员
31474,哈利·戴恩·斯坦通,演员
31475,严孝燮,演员
31476,LucyLiemann,演员
31477,卡罗琳·阿隆,演员
31478,艾恩·贝利,演员
31479,董志华,演员
31480,菲利普-沃斯,演员
31481,JeraldGarner,演员
31482,金秀美,演员
31483,朱江,演员
31484,陈昭荣,演员
31485,三吉彩花,演员
31486,瑞贝卡·德·莫妮,演员
31487,鲍比·莫尼汉,演员
31488,埃里克·罗兰,演员
31489,丽芙·泰勒,演员
31490,佛莱德·威拉特,演员
31491,安娜·法瑞丝,演员
31492,丹尼·麦克布莱德,演员
31493,黄自强,演员
31494,奥斯汀·潘德尔顿,演员
31495,津贺有子,演员
31496,基姆·卡拉思,演员
31497,凯利·蕾莉,演员
31498,唐·诺韦洛,演员
31499,加东大介,演员
31500,夏恩·希尔,演员
31501,拉什·沙玛,演员
31502,派珀·佩拉博,演员
31503,李仙湖,演员
31504,罗伯托·贝尼尼,演员
31505,凯丽·华盛顿,演员
31506,StuartMcGugan,演员
31507,艾瑞克·阿瓦利,演员
31508,GregoryGaye,演员
31509,费拉斯·迪拉尼,演员
31510,吉娜·格申,演员
31511,李健仁,演员
31512,纳菲丝·贾法-穆罕默迪,演员
31513,埃里克·罗伯茨,演员
31514,迈克尔·格伯,演员
31515,乔尔·埃哲顿,演员
31516,赵铭,演员
31517,MikeMorelli,演员
31518,奥玛·希,演员
31519,克里斯托夫·梅兹-普莱瑟,演员
31520,弗朗切斯科·克莱门特,演员
31521,皮拉瓦特·赫拉巴特,演员
31522,邵兵,演员
31523,迪伦·库斯曼,演员
31524,PaulIrving,演员
31525,木村凯拉,演员
31526,玛吉·史密斯,演员
31527,盐见三省,演员
31528,寺岛进,演员
31529,肯纳G.肯普,演员
31530,希斯·莱杰,演员
31531,琼·艾伦,演员
31532,郑秀文,演员
31533,利亚姆·麦克尼尔,演员
31534,尾上绫华,演员
31535,卡罗琳·莎士比亚-艾伦,演员
31536,玛德琳·雅各布松,演员
31537,查理·哈纳,演员
31538,ManuelParís,演员
31539,小马克·布恩,演员
31540,塔卡尤·费舍尔,演员
31541,詹妮特·戈德斯坦恩,演员
31542,林孟瑾,演员
31543,乔治·里弗斯,演员
31544,格瑞辰·摩尔,演员
31545,欧仁·贝蒂埃,演员
31546,凯瑟琳·弗里曼,演员
31547,亚历克斯·马努吉安,演员
31548,塔索斯·史蒂文斯,演员
31549,丹尼·高德林,演员
31550,塔克·吉莫尔,演员
31551,张柏芝,演员
31552,叶玉卿,演员
31553,CharlesLaTorre,演员
31554,王天林,演员
31555,比利·赞恩,演员
31556,加贺麻理子,演员
31557,安德鲁·斯科特,演员
31558,刘易斯·阿伯内西,演员
31559,乔什·帕斯,演员
31560,凯斯·大卫,演员
31561,卢克·霍普,演员
31562,本·门德尔森,演员
31563,DickGordon,演员
31564,米米·萨奇席恩,演员
31565,DanFoster,演员
31566,菅谷政子,演员
31567,杰西·科尔蒂,演员
31568,简·詹金斯,演员
31569,罗伯特·马莫内,演员
31570,皮埃尔·鲁塞尔,演员
31571,阿非莫·奥米拉,演员
31572,FereshteSarabandi,演员
31573,志田未来,演员
31574,布兰卡·阿拉切利,演员
31575,安娜·福列塔,演员
31576,弗朗索瓦·克鲁塞,演员
31577,艾丽西亚·瑞特,演员
31578,琳达·卡德里尼,演员
31579,帕科·图斯,演员
31580,刘兆铭,演员
31581,武田真治,演员
31582,FredFarrell,演员
31583,土屋安娜,演员
31584,藤原薰,演员
31585,金海淑,演员
31586,斯坦利·B·赫尔曼,演员
31587,祖萨·霍尔,演员
31588,塞尔日·梅兰,演员
31589,陈百祥,演员
31590,西恩·潘,演员
31591,丹尼·文森,演员
31592,杰西卡·凯特·梅耶尔,演员
31593,理查德·格雷弗斯,演员
31594,塞斯·盖贝尔,演员
31595,罗南·鲁宾斯坦,演员
31596,沙哈布·侯赛尼,演员
31597,雅基·伊多,演员
31598,大卫·李·史密斯,演员
31599,哈里·达文波特,演员
31600,菲利斯·萨莫维尔,演员
31601,GilbertoIdonea,演员
31602,科迪·霍恩,演员
31603,杜利·威尔逊,演员
31604,黄一山,演员
31605,奥斯马·努涅斯,演员
31606,丹尼·努齐,演员
31607,克里斯·考林,演员
31608,蒂格尔·F·伯格里,演员
31609,玛丽娜·朱迪切,演员
31610,片桐入,演员
31611,沃尔顿·戈金斯,演员
31612,马西莫·比安奇,演员
31613,约翰·巴里摩尔,演员
31614,比尔·布尔,演员
31615,阿尔多·久弗瑞,演员
31616,克里斯蒂娜·度·瑞格,演员
31617,安德鲁·麦克唐纳,演员
31618,维克·萨海,演员
31619,DickBotiller,演员
31620,斯科特·格伦,演员
31621,蔡鸿翔,演员
31622,萨拉·贝克,演员
31623,伊势谷友介,演员
31624,凯瑟琳·麦克马克,演员
31625,托马斯·简,演员
31626,里奥.G.卡罗尔,演员
31627,唐娜·杜普兰提尔,演员
31628,托托,演员
31629,卡梅隆·布莱特,演员
31630,薇薇·卡登尼,演员
31631,DariushMokhtari,演员
31632,加布里埃尔·戈班,演员
31633,唐·里克斯,演员
31634,伊丽莎白·麦戈文,演员
31635,罗多尔·保利,演员
31636,罗芸,演员
31637,杜汶泽,演员
31638,孙渝烽,演员
31639,弗兰西丝·康罗伊,演员
31640,MontyO'Grady,演员
31641,芳妮·A·钱勃丝,演员
31642,安迪·瑟金斯,演员
31643,迪克·布拉德塞尔,演员
31644,爱河里花子,演员
31645,詹姆斯·麦斯登,演员
31646,布鲁克·史密斯,演员
31647,珍妮特·利,演员
31648,上条恒彦,演员
31649,乔西普·艾利克,演员
31650,ByronMinns,演员
31651,瑞恩·海沃德,演员
31652,维托里奥·加斯曼,演员
31653,IlkaGrüning,演员
31654,卡拉·海沃德,演员
31655,简·达威尔,演员
31656,克劳迪奥·阿方西,演员
31657,宣萱,演员
31658,W.BensonTerry,演员
31659,娜塔莎·麦克艾霍恩,演员
31660,吴镇宇,演员
31661,肖恩·布里吉格斯,演员
31662,千叶繁,演员
31663,LouMarcelle,演员
31664,艾恩·格拉法德,演员
31665,埃罗尔·弗林,演员
31666,板仓光隆,演员
31667,丹尼斯·海斯伯特,演员
31668,哈考特·威廉姆斯,演员
31669,贝恩·科拉科,演员
31670,芮妮·维克托,演员
31671,鲍勃·彼德森,演员
31672,劳拉·邓恩,演员
31673,汤姆·克鲁斯,演员
31674,桥本爱,演员
31675,凯撒·博尔东,演员
31676,托马斯·布伦门塔尔,演员
31677,清水尚弥,演员
31678,吉莉安·艾尔-卡迪,演员
31679,丹尼尔·吉尔森,演员
31680,艾德里安·布洛迪,演员
31681,梁家辉,演员
31682,艾伯特·德尔佩,演员
31683,CornelWest,演员
31684,大卫·克莱德,演员
31685,贾梅尔·杜布兹,演员
31686,贾德·赫希,演员
31687,HendrikArnst,演员
31688,JudyWyler,演员
31689,迈克尔·康纳·亨弗里斯,演员
31690,皮埃尔·贝尔坦,演员
31691,西戈德·拉普,演员
31692,戴安·琳恩,演员
31693,渊崎由里子,演员
31694,保罗·考尔德伦,演员
31695,马修·麦克费登,演员
31696,詹妮弗·乌尔里希,演员
31697,休·丹西,演员
31698,DeborahMcTeer,演员
31699,路易斯·瓦尔德斯,演员
31700,乔安娜·塞勒,演员
31701,埃尔登·汉森,演员
31702,尚华,演员
31703,苏珊·索洛米,演员
31704,凯特林·迪亚斯,演员
31705,朱迪·福斯特,演员
31706,姚橹,演员
31707,英若诚,演员
31708,兰德尔·斯莱文,演员
31709,小伊塞亚·维特洛克,演员
31710,邹兆龙,演员
31711,肯尼斯·崔,演员
31712,佐伊·索尔达娜,演员
31713,MargaretEginton,演员
31714,AmberHavens,演员
31715,希尔·亚齐丹巴克什,演员
31716,艾伦·克劳福德,演员
31717,恩尼奥·孔萨尔维,演员
31718,苟杰德,演员
31719,KaraPacitto,演员
31720,凯瑟琳·泽塔-琼斯,演员
31721,克兰西·布朗,演员
31722,蒂尔·施威格,演员
31723,姜秀琼,演员
31724,艾萨·丹尼埃利,演员
31725,杰西卡·兰格,演员
31726,卢卡斯·赫奇斯,演员
31727,凯莉·库恩,演员
31728,保罗·普雷博伊斯特,演员
31729,诺姆·卡普顿,演员
31730,约翰·帕特里克·阿梅多利,演员
31731,朱塞佩·苏尔法罗,演员
31732,RodericCulver,演员
31733,NoamMorgensztern,演员
31734,西德尼·格林斯垂特,演员
31735,乔治·米克,演员
31736,马修·古迪,演员
31737,VanniBramati,演员
31738,路易·德·菲奈斯,演员
31739,乔治·汉密尔顿,演员
31740,邦尼·亨特,演员
31741,克里·杜瓦尔,演员
31742,艾尔西·费舍尔,演员
31743,内特·朗,演员
31744,大卫·沃纳,演员
31745,保罗·伊丁,演员
31746,刘小宁,演员
31747,林青霞,演员
31748,俊·奈托,演员
31749,松本梨香,演员
31750,秋元羊介,演员
31751,凯文·库尼,演员
31752,乔治·张,演员
31753,默罕默德·阿米尔·纳吉,演员
31754,玛蒂尔德·皮亚纳,演员
31755,马尔科姆·麦克道威尔,演员
31756,布兰卡·马丁内斯,演员
31757,碧翠斯·马科拉,演员
31758,伊莎贝尔·奥特曼,演员
31759,奥莎娜·阿金什那,演员
31760,马克·鲁弗洛,演员
31761,上白石萌音,演员
31762,KevinFernandes,演员
31763,汤姆·威尔金森,演员
31764,MeganGay,演员
31765,比尔·默瑞,演员
31766,JamesMay,演员
31767,ClaraReid,演员
31768,西蒙·伍兹,演员
31769,森繁久弥,演员
31770,拉瑞恩·纽曼,演员
31771,哈利韦尔·霍布斯,演员
31772,布鲁诺·甘茨,演员
31773,摩根·莉莉,演员
31774,克里夫·欧文,演员
31775,保罗·古德勒支,演员
31776,DavidVegh,演员
31777,多米尼克·博夫,演员
31778,金正泰,演员
31779,利亚姆·海姆斯沃斯,演员
31780,蒋雯丽,演员
31781,HaymonMariaButtinger,演员
31782,托马斯·克莱舒曼,演员
31783,李思捷,演员
31784,菲利佩·哈根森,演员
31785,柊瑠美,演员
31786,朴真珠,演员
31787,杨恭如,演员
31788,艾玛·沃森,演员
31789,Mandy-RaeCruikshank,演员
31790,王琄,演员
31791,马西莫·吉洛蒂,演员
31792,威尔·萨姆森,演员
31793,OlafHytten,演员
31794,朱丽叶·比诺什,演员
31795,珍妮·莱恩斯福德,演员
31796,霍尔迪·布鲁内特,演员
31797,罗伯特·卡莱尔,演员
31798,尼诺·戴罗佐,演员
31799,希瑟·伯恩斯,演员
31800,克拉克·盖博,演员
31801,梅田凡乃,演员
31802,切奇·马林,演员
31803,AdrienneD'Ambricourt,演员
31804,白冰,演员
31805,威廉·菲德内尔,演员
31806,键本景子,演员
31807,阿尔·伯恩,演员
31808,威尔·史密斯,演员
31809,岩田光央,演员
31810,弗兰科·内罗,演员
31811,柯克·鲍兹,演员
31812,派屈克·福吉特,演员
31813,金相浩,演员
31814,BennyGolson,演员
31815,芭芭拉·赫希,演员
31816,马修·刘易斯,演员
31817,彼得·布罗科,演员
31818,哈里·威尔逊,演员
31819,广濑铃,演员
31820,米切尔·利希藤斯坦,演员
31821,瑞切尔·格里菲斯,演员
31822,钟楚红,演员
31823,筒井康隆,演员
31824,王彤川,演员
31825,DanWashington,演员
31826,JojiMorishita,演员
31827,丹尼·马斯特森,演员
31828,比利·克鲁德普,演员
31829,洁米·斯贝勒·罗伯茨,演员
31830,赫伯特·西古恩萨,演员
31831,莎拉·弗里斯蒂,演员
31832,大卫·丹曼,演员
31833,赵文卓,演员
31834,海莉·斯坦菲尔德,演员
31835,平泉成,演员
31836,菲利普·伯格,演员
31837,安德烈·达芒,演员
31838,尼古拉·迪·平托,演员
31839,MarstonFobbs,演员
31840,托德·路易斯,演员
31841,茹涅·阿斯托尔,演员
31842,詹姆斯·惠特摩,演员
31843,王海,演员
31844,欧嘉·梅雷迪斯,演员
31845,PaulPanzer,演员
31846,巴巴拉·莱涅,演员
31847,杜奕衡,演员
31848,陈述,演员
31849,杰克·尼科尔森,演员
31850,玛琳·黛德丽,演员
31851,迭戈·卢纳,演员
31852,哈利·海顿-佩顿,演员
31853,格雷格·比姆,演员
31854,伯纳德·希尔,演员
31855,麦克·辛,演员
31856,木村佑一,演员
31857,里卡多·达林,演员
31858,广濑正志,演员
31859,CarlDeloro,演员
31860,拉斯·鲍威尔,演员
31861,任世官,演员
31862,马修·麦康纳,演员
31863,约翰·韦恩,演员
31864,龟井芳子,演员
31865,徐克,演员
31866,梅森·甘布,演员
31867,克里斯汀·斯图尔特,演员
31868,山崎一,演员
31869,杰克·富尔顿,演员
31870,佩吉·伍德,演员
31871,凯·李,演员
31872,埃帕莎·默克森,演员
31873,费振翔,演员
31874,杨彤林,演员
31875,皮尔斯·布鲁斯南,演员
31876,安娜-莱娜·布伦丁,演员
31877,艾德·毕肖普,演员
31878,马特·温斯顿,演员
31879,白石绫乃,演员
31880,莱斯利·霍华德,演员
31881,山村聪,演员
31882,JacquesLory,演员
31883,安东尼·冈萨雷斯,演员
31884,TimmyHawkins,演员
31885,彼得·洛迈尔,演员
31886,朱咪咪,演员
31887,乔什·赫尔曼,演员
31888,维比什·希瓦库玛,演员
31889,大卫·奥伊罗,演员
31890,GinaGallagher,演员
31891,查特里娜·拉松,演员
31892,塔奈·切赫达,演员
31893,花泽香菜,演员
31894,塔布,演员
31895,兰斯·霍华德,演员
31896,罗恩·帕金斯,演员
31897,利昂·波纳尔,演员
31898,田中真弓,演员
31899,巴里·佩珀,演员
31900,查理兹·塞隆,演员
31901,玛丽·佩里,演员
31902,黄经汉,演员
31903,元秋,演员
31904,丁建华,演员
31905,丽莉·克亚芙,演员
31906,吉行和子,演员
31907,杨贵媚,演员
31908,本杰明·米派德,演员
31909,皮埃尔·巴斯蒂安,演员
31910,詹森·舒瓦兹曼,演员
31911,ElizabethHanks,演员
31912,马科斯·卡锡,演员
31913,理查德·海顿,演员
31914,布赖恩·利比,演员
31915,特里·刘易斯,演员
31916,德鲁·巴里摩尔,演员
31917,本·迈尔斯,演员
31918,江约诚,演员
31919,曾志伟,演员
31920,尚恩约翰逊,演员
31921,凯尔·钱德勒,演员
31922,约翰·沙拉恩,演员
31923,PeterIlyHuemer,演员
31924,扎克·格雷尼尔,演员
31925,李·范·克里夫,演员
31926,谷花音,演员
31927,玛格丽塔·莫菲诺,演员
31928,坦普·皮戈特,演员
31929,韦斯·本特利,演员
31930,艾德·奥尼尔,演员
31931,肖恩·哈珀,演员
31932,雪拉·渥德,演员
31933,格特鲁德·阿斯特,演员
31934,吉娜·托瑞斯,演员
31935,巴特弗莱·麦昆,演员
31936,韦斯·斯塔迪,演员
31937,吕迪·勒努瓦,演员
31938,华森·波克彭,演员
31939,凯文·沃特利,演员
31940,利亚姆·迪金森,演员
31941,皮特·波斯尔思韦特,演员
31942,AmedeoTrilli,演员
31943,AntonellaElia,演员
31944,弗兰克·赛格,演员
31945,阿曼达·布鲁盖尔,演员
31946,米切尔·马伦,演员
31947,方化,演员
31948,克雷格·凯利,演员
31949,亚丽姗卓·全,演员
31950,拉里·布兰登伯格,演员
31951,罗伯特·麦克纳夫顿,演员
31952,柳叶敏郎,演员
31953,法利·格兰杰,演员
31954,DanSeymour,演员
31955,康拉德·韦特,演员
31956,苑琼丹,演员
31957,波特·杨,演员
31958,克萝丽丝·利奇曼,演员
31959,加藤治子,演员
31960,迈克尔·贝茨,演员
31961,维尔·梅里克,演员
31962,AlexMoore,演员
31963,瓦妮莎·罗斯,演员
31964,李·诺里斯,演员
31965,莎拉·海伊,演员
31966,阿诺·施瓦辛格,演员
31967,詹森·艾萨克,演员
31968,朱斯蒂诺·杜拉诺,演员
31969,克莱·卡伦,演员
31970,雷蒙德·S·佩尔西,演员
31971,比利·博伊德,演员
31972,卡尔·厄本,演员
31973,斯戴芬妮·斯考特,演员
31974,马克·阿米约,演员
31975,曹西安,演员
31976,罗夫·拉斯加德,演员
31977,弗兰科·梅斯科利尼,演员
31978,劳伦斯·哈维,演员
31979,凯特·宾汉,演员
31980,明妮·德里弗,演员
31981,格里芬·邓恩,演员
31982,彼德·考约特,演员
31983,刘燕瑾,演员
31984,哈莉·拉姆,演员
31985,劳伦·马赫,演员
31986,张耀扬,演员
31987,弗雷德里克·埃弗斯,演员
31988,朱诺·坦普尔,演员
31989,HaroldG.Herthum,演员
31990,西妮德·马修斯,演员
31991,摩根·弗里曼,演员
31992,WilliamHamel,演员
31993,梅根·帕克,演员
31994,野本萤,演员
31995,特拉沃·摩根,演员
31996,肯·梁,演员
31997,鳕子,演员
31998,洛莱拉·克拉沃塔,演员
31999,艾莉森·洛曼,演员
32000,格雷斯·卡尔德,演员
32001,斯蒂文·麦金托什,演员
32002,斯科特·巴库拉,演员
32003,托妮·科莱特,演员
32004,牛犇,演员
32005,马修斯·纳克加勒,演员
32006,EleanorStewart,演员
32007,内藤刚志,演员
32008,卡罗琳·古多尔,演员
32009,山姆·哈里斯,演员
32010,赛琳娜·露娜,演员
32011,吴淑昆,演员
32012,TedOliver,演员
32013,亚历桑德拉·鲍尔斯,演员
32014,夏洛特·查顿,演员
32015,约瑟夫·劳格诺,演员
32016,MoritzGrove,演员
32017,彼得·穆兰,演员
32018,凯尔·麦克拉克伦,演员
32019,JohnMighton,演员
32020,长田江身子,演员
32021,HubertFabianKulterer,演员
32022,克蕾曼丝·波西,演员
32023,戴尔里·林多,演员
32024,罗温·艾金森,演员
32025,FrankMoran,演员
32026,EricWilton,演员
32027,StuartLancaster,演员
32028,田中庆太,演员
32029,艾莉丝·布拉加,演员
32030,家弓家正,演员
32031,克里斯托弗·加廷,演员
32032,阿什顿·库彻,演员
32033,塞尔吉奥·托拉多,演员
32034,巴哈丽·西迪奇,演员
32035,郑仁仙,演员
32036,朴海日,演员
32037,安东尼·德·马克,演员
32038,布莱尔·安德伍德,演员
32039,辰己努,演员
32040,GiannaSegale,演员
32041,米拉·库尼斯,演员
32042,张建军,演员
32043,FrankMitchell,演员
32044,今井麻美,演员
32045,达拉,演员
32046,艾米·亚当斯,演员
32047,布鲁斯·威利斯,演员
32048,克里夫·阿什伯恩,演员
32049,IanCampbell,演员
32050,克里斯托弗·麦克唐纳,演员
32051,奥米·瓦依达,演员
32052,沙鲁巴·舒克拉,演员
32053,詹妮弗·李·杰克逊,演员
32054,安妮·路易丝·哈辛,演员
32055,杰森·贝特曼,演员
32056,汤姆·哈迪,演员
32057,鲁伯特·格林特,演员
32058,李·厄米,演员
32059,鲍勃·冈顿,演员
32060,EdwardKimball,演员
32061,丽莎·艾科恩,演员
32062,琳达·霍夫曼,演员
32063,阿尔蒂斯·德·彭居埃恩,演员
32064,乔·柯布登,演员
32065,宋怀桂,演员
32066,维尼·琼斯,演员
32067,加里·奥德曼,演员
32068,史蒂文·利特尔,演员
32069,篠原胜之,演员
32070,田中裕子,演员
32071,美轮明宏,演员
32072,DavidHausen,演员
32073,保罗·罗梅罗,演员
32074,艾丹·奎因,演员
32075,Marie-AnneFliegel,演员
32076,约翰·斯拉特里,演员
32077,黛比·雷诺斯,演员
32078,詹姆斯·杜蒙特,演员
32079,小室正幸,演员
32080,罗宾·威廉姆斯,演员
32081,SidneyGordon,演员
32082,尾形一成,演员
32083,迈克尔·佩纳,演员
32084,哈里特·桑塞姆·哈里斯,演员
32085,柯素云,演员
32086,约瑟夫·斯科拉,演员
32087,洛雷塔·迪瓦恩,演员
32088,马修·C·马蒂诺,演员
32089,娜塔丽·科尔多瓦,演员
32090,兰·卡琉,演员
32091,谭志刚,演员
32092,柳好贞,演员
32093,香川京子,演员
32094,迈克尔·西里尔·克赖顿,演员
32095,DickStilwell,演员
32096,威廉·达尔,演员
32097,玛拉雅·瑞沃拉·德鲁,演员
32098,科菲·斯里博伊,演员
32099,SammyStein,演员
32100,斯蒂芬·布吉格沃特,演员
32101,迪·沃伦斯,演员
32102,肖妮·史密斯,演员
32103,古列雷莫·迪亚兹,演员
32104,安·卢瑟福德,演员
32105,乔伊·金,演员
32106,卡斯图罗·格雷拉,演员
32107,基努·里维斯,演员
32108,欧仁·博登,演员
32109,LeodaRichards,演员
32110,井川比佐志,演员
32111,GeorgeMarshallRuge,演员
32112,卡瑞尔·罗登,演员
32113,本尼托·马丁内斯,演员
32114,弗朗西丝卡·德·萨维奥,演员
32115,ChristopherJones,演员
32116,肖聪,演员
32117,刘易斯·布莱克,演员
32118,罗杰·克莱格·史密斯,演员
32119,崔西·沃特,演员
32120,RobertWinkler,演员
32121,卡拉·贝尔韦尔,演员
32122,乌玛·瑟曼,演员
32123,理查德·塞梅尔,演员
32124,井上喜久子,演员
32125,敦尔·当纳利,演员
32126,科特·博伊斯,演员
32127,阿尔贝托·巴斯克斯,演员
32128,杰克·丘奇,演员
32129,迈克尔·凯恩,演员
32130,安东尼·希尔德,演员
32131,迈克尔·菲奥里,演员
32132,DenisEvrard,演员
32133,爱德华·伯恩斯,演员
32134,科莱特·沃夫,演员
32135,伊瑟尔·布罗萨德,演员
32136,杰克·吉伦哈尔,演员
32137,斯塔尔勒塔·杜波利斯,演员
32138,杜桑恩·杜基齐,演员
32139,FrankMazzola,演员
32140,户田惠子,演员
32141,佛罗伦斯·李,演员
32142,郑镇荣,演员
32143,安德鲁·林肯,演员
32144,小林郁夫,演员
32145,詹姆斯·柯登,演员
32146,卡琳娜·隆巴德,演员
32147,阿提拉·埃杰德,演员
32148,大卫·卡尔德,演员
32149,马库斯·钟,演员
32150,雷·利奥塔,演员
32151,杰斯·哈梅尔,演员
32152,约翰·弗劳思,演员
32153,石川界人,演员
32154,MichaelSimkins,演员
32155,罗兰,演员
32156,莫文蔚,演员
32157,维克托·乔里,演员
32158,EricFreeman,演员
32159,AdamShaw,演员
32160,佩内洛普·威尔顿,演员
32161,阿尔贝托·索尔迪,演员
32162,蒂莫西·柴勒梅德,演员
32163,里佐·弗雷多里佐,演员
32164,森雅之,演员
32165,亨利·基,演员
32166,迈克尔·法斯宾德,演员
32167,罗非洛·迪格托勒,演员
32168,弗兰克·奥兹,演员
32169,马珂,演员
32170,孔侑,演员
32171,让-马克·巴尔,演员
32172,德井优,演员
32173,杰曼·翰苏,演员
32174,志乃原良子,演员
32175,卢金城,演员
32176,石田光子,演员
32177,朱莉·福塞斯,演员
32178,马克斯·毛夫,演员
32179,石野真子,演员
32180,阿迪勒·侯赛因,演员
32181,伊兰·古德曼,演员
32182,特里特·威廉斯,演员
32183,玛丽·格鲁伯,演员
32184,理查德·卡斯特尔诺,演员
32185,大塚芳忠,演员
32186,井之胁海,演员
32187,林子聪,演员
32188,刘嘉玲,演员
32189,詹姆斯·A·伍兹,演员
32190,阿兰纳·乌巴奇,演员
32191,卡斯·安瓦尔,演员
32192,凯文·韦斯曼,演员
32193,比利·鲍伯·松顿,演员
32194,沈恩京,演员
32195,布鲁斯·斯宾斯,演员
32196,夏帆,演员
32197,比吉特·米尼希迈尔,演员
32198,艾达·泰,演员
32199,大卫·沃尔,演员
32200,LouisNatheaux,演员
32201,成奎安,演员
32202,卡洛尔·奈,演员
32203,水野理纱,演员
32204,科琳娜·哈弗奇,演员
32205,折笠富美子,演员
32206,马克·罗斯顿,演员
32207,弗兰克·威利,演员
32208,名古屋章,演员
32209,内森·菲利安,演员
32210,尼可莱塔·布拉斯基,演员
32211,奥斯卡·马丁内兹,演员
32212,龙田直树,演员
32213,汤姆·费尔顿,演员
32214,比利·克里斯托,演员
32215,约翰·凯泽尔,演员
32216,金城武,演员
32217,奥斯汀·斯托维尔,演员
32218,阿方索·阿雷奥,演员
32219,马库斯·赫林,演员
32220,比利·布什,演员
32221,托林·撒切尔,演员
32222,田中祥平,演员
32223,李海滨,演员
32224,托尼·雷沃罗利,演员
32225,马蒂亚斯·勃兰特,演员
32226,J·D·埃弗摩尔,演员
32227,王涛,演员
32228,巴里·沙巴卡·亨利,演员
32229,陈庆航,演员
32230,阿什·马赫什·舍德卡,演员
32231,加濑亮,演员
32232,弗兰西斯·麦克多蒙德,演员
32233,杰拉德·布什,演员
32234,拉尔夫·罗德里格斯,演员
32235,JonasStiklorius,演员
32236,梁冬,演员
32237,卡米·金·肯伦,演员
32238,贝塔尼·维特莫尔,演员
32239,拉斯洛·阿隆,演员
32240,大卫·彭德尔顿,演员
32241,乔纳森·菲利普斯,演员
32242,吉姆·布劳德本特,演员
32243,布莱恩·考克斯,演员
32244,小栗香织,演员
32245,三浦友和,演员
32246,文森特·卡索,演员
32247,戴维·瑟斯比,演员
32248,马丁·弗瑞曼,演员
32249,米莎·巴顿,演员
32250,盖伊·亨利,演员
32251,贝丝·弗劳尔斯,演员
32252,凯莉·唐纳利,演员
32253,艾丽·范宁,演员
32254,StanleyBlystone,演员
32255,艾丽·道克特,演员
32256,宫藤官九郎,演员
32257,布兰登·斯考特,演员
32258,安东尼·拉普,演员
32259,吴君如,演员
32260,约翰·斯洛斯,演员
32261,郭涛,演员
32262,郑文辉,演员
32263,诺伯特·魏塞尔,演员
32264,肯尼思·布拉纳,演员
32265,金素梅,演员
32266,阿德南·萨米,演员
32267,NicholasSadler,演员
32268,诺曼·劳埃德,演员
32269,伦纳德米迪,演员
32270,JohnWilliamGalt,演员
32271,埃里·瓦拉赫,演员
32272,杰米·卡米尔,演员
32273,汤米·利斯特,演员
32274,陈梅生,演员
32275,达斯汀·霍夫曼,演员
32276,维克多·斯坦巴赫,演员
32277,亚布拉哈姆·本鲁比,演员
32278,梅娜·马里克,演员
32279,瓦莱丽亚·戈利诺,演员
32280,迈克·马歇尔,演员
32281,连晋,演员
32282,洛丽·理查德森,演员
32283,ChadChrist,演员
32284,刘斌,演员
32285,诺尔·古格雷米,演员
32286,贾登·史密斯,演员
32287,罗斯科·阿巴克尔,演员
32288,张震,演员
32289,詹姆斯·兰开斯特,演员
32290,唐纳德·富利洛夫,演员
32291,徐淑媛,演员
32292,法尔德斯·巴姆,演员
32293,IoneM.Telech,演员
32294,木村佳乃,演员
32295,卡拉·西摩,演员
32296,塞丽娜·贾尔斯,演员
32297,理查德·希夫,演员
32298,萧亚轩,演员
32299,埃尔尼·曼戈尔德,演员
32300,乔什·卢卡斯,演员
32301,萨米·盖尔,演员
32302,休·格兰特,演员
32303,乔治·J·刘易斯,演员
32304,安吉拉·卡特怀特,演员
32305,马克·斯特朗,演员
32306,李来,演员
32307,莫妮卡·古布瑟,演员
32308,萧淑慎,演员
32309,李·尼古拉斯·哈里斯,演员
32310,弗吉尼亚·切瑞尔,演员
32311,彼得·洛,演员
32312,哈罗德·佩里诺,演员
32313,陈冠希,演员
32314,坂口健太郎,演员
32315,杰森·亚历山大,演员
32316,路德韦格·布洛克伯格,演员
32317,古谷彻,演员
32318,杰弗·卡伦,演员
32319,张丰毅,演员
32320,三浦贵大,演员
32321,邵胜杰,演员
32322,萨沙·斯皮尔伯格,演员
32323,辛贝·沃克,演员
32324,蒂姆·科勒赫,演员
32325,罗伯特·福捷,演员
32326,罗伯特·吉尔劳姆,演员
32327,杰克·凯斯,演员
32328,拉杰夫·拉宾德拉纳特安,演员
32329,约翰·古德曼,演员
32330,RobinMathews,演员
32331,尼古拉斯·卡斯柯恩,演员
32332,阿贝·维高达,演员
32333,蒂娜·斯隆,演员
32334,柯林·麦克法兰,演员
32335,苏哈妮·巴特纳格尔,演员
32336,陆树铭,演员
32337,保罗·布莱克维尔,演员
32338,理查德·赖丁斯,演员
32339,达席尔·萨法瑞,演员
32340,安德鲁·凯文·沃克,演员
32341,吉尼瓦·塔瓦尔,演员
32342,庄域飞,演员
32343,川村万梨阿,演员
32344,大卫·博维尔,演员
32345,弗兰克·西维罗,演员
32346,唐纳德·萨瑟兰,演员
32347,OrsoMariaGuerrini,演员
32348,詹姆斯·凯伦,演员
32349,尼克·诺特,演员
32350,赖因哈德·科尔德霍夫,演员
32351,穆德·阿巴斯·卡勒里,演员
32352,科尔·豪瑟,演员
32353,杨同顺,演员
32354,奥利弗布莱克,演员
32355,伊万·斯图尔特,演员
32356,贾森·加里-斯坦福德,演员
32357,法妮·布雷特,演员
32358,杰米·福克斯,演员
32359,辛·劳洛,演员
32360,文森佐·尼克力,演员
32361,博纳德·福克斯,演员
32362,王朔,演员
32363,利亚姆·图伊,演员
32364,贝弗利·陶德,演员
32365,加布里埃尔·伊格莱西亚斯,演员
32366,迈克尔·埃斯佩尔,演员
32367,蕾乐蒂·库马洛,演员
32368,诺亚·艾默里奇,演员
32369,尼基塔·卡兰姆,演员
32370,大塚明夫,演员
32371,安东尼·布兰登·黄,演员
32372,尤尔根·普洛斯诺,演员
32373,克里斯托弗·沃肯,演员
32374,平采娜·乐维瑟派布恩,演员
32375,田口智朗,演员
32376,拉加·戈帕尔·耶尔,演员
32377,乔纳森·普雷斯,演员
32378,剧团一人,演员
32379,迈克尔·诺里,演员
32380,萨哈巴努·佐哈多,演员
32381,丹尼尔·切尔奎拉,演员
32382,艾伦·伯斯汀,演员
32383,亚尼·卡普,演员
32384,布罗娜·加拉赫,演员
32385,丹格里芬,演员
32386,威廉姆·西尔维斯特,演员
32387,约翰·塞纳迭姆博,演员
32388,高雄,演员
32389,高山南,演员
32390,劳拉·霍普·克鲁斯,演员
32391,迪克·安东尼·威廉姆斯,演员
32392,弗朗西斯·古佐,演员
32393,劳拉·琳妮,演员
32394,马尔顿·索克斯,演员
32395,克里斯蒂娜·亨德里克斯,演员
32396,丹尼尔·戴维斯,演员
32397,V·J·福斯特,演员
32398,比阿特丽斯·帕姆,演员
32399,许敬民,演员
32400,艾伦妮·泰,演员
32401,安德莉亚·埃克特,演员
32402,克里斯·奥多德,演员
32403,中村久美,演员
32404,约翰·雷吉扎莫,演员
32405,罗美兰,演员
32406,朱利安·阿拉汗加,演员
32407,HardyJones,演员
32408,StephonFuller,演员
32409,TrudeBerliner,演员
32410,JoeManning,演员
32411,哈威·普雷斯内尔,演员
32412,西蒙·德兰尼,演员
32413,约翰·诺兰,演员
32414,光石研,演员
32415,保罗·布赖特威尔,演员
32416,山德·贝克利,演员
32417,爱德华·诺顿,演员
32418,查兹·帕尔明特瑞,演员
32419,饭冢雅弓,演员
32420,纳瓦祖丁·席迪圭,演员
32421,AlisterMazzotti,演员
32422,田口昂,演员
32423,本·里德,演员
32424,弗兰克·贝克,演员
32425,约翰·加文,演员
32426,横泽启子,演员
32427,金志映,演员
32428,肖恩·菲茨吉本,演员
32429,伊桑·桑德勒,演员
32430,克里斯托弗·马利基,演员
32431,伊恩·安东尼·代尔,演员
32432,加藤清史郎,演员
32433,特里斯坦·马丁,演员
32434,尹治,演员
32435,安妮特·贝宁,演员
32436,汤姆·斯托顿,演员
32437,罗伯·莫洛,演员
32438,辛纳克·勋纳曼,演员
32439,阿尤什·坦东,演员
32440,郑肯,演员
32441,BobbyBarber,演员
32442,劳恩·迪恩,演员
32443,肖恩·宾,演员
32444,凯特·布兰切特,演员
32445,BehzadRafi,演员
32446,坂本龙一,演员
32447,杰森·霍顿,演员
32448,后藤弘树,演员
32449,曾江,演员
32450,杰克·塞隆,演员
32451,宝莲·高黛,演员
32452,罗宾·阿特金·唐斯,演员
32453,西奥·格林利,演员
32454,约翰·诺瓦克,演员
32455,波拉·庞德斯通,演员
32456,弗兰克·达戈斯蒂诺,演员
32457,格利高里·派克,演员
32458,JohnCortay,演员
32459,马里奥·毛瑞尔,演员
32460,南希·利内翰,演员
32461,阿莉达·瓦利,演员
32462,克里斯蒂安娜·保罗,演员
32463,米娜·苏瓦丽,演员
32464,张艾嘉,演员
32465,罗伯特·比提,演员
32466,马科森斯·珀林,演员
32467,伊夫林·凯耶斯,演员
32468,钱耀荣,演员
32469,西德尼·拉斯克,演员
32470,陈冲,演员
32471,史蒂夫·布西密,演员
32472,玛丽娅·玛努尔,演员
32473,乔治·马奎尔,演员
32474,杰西·詹姆斯,演员
32475,杨采妮,演员
32476,迈克尔·阿登,演员
32477,约翰·斯宾塞,演员
32478,维拉·法米加,演员
32479,VictoriaPrice,演员
32480,乔纳·希尔,演员
32481,王伟顺,演员
32482,达伦·奥曼迪,演员
32483,克里斯蒂安·贝尔,演员
32484,大卫·休里斯,演员
32485,克里斯·雷纳德,演员
32486,耿乐,演员
32487,里奇蒙德·阿奎特,演员
32488,切斯特·康克林,演员
32489,多米尼克·皮侬,演员
32490,杰米·肯尼迪,演员
32491,芙蕾达·平托,演员
32492,A.CameronGrant,演员
32493,格雷戈里·库克,演员
32494,格伦·菲茨杰拉德,演员
32495,陈熙京,演员
32496,铃木庆一,演员
32497,ReaganLeonard,演员
32498,杰米·谢尔丹,演员
32499,铃木玲子,演员
32500,董飞,演员
32501,瑞恩·高斯林,演员
32502,迈克尔-杰斯,演员
32503,阿勒隆·鲁杰罗,演员
32504,玛丽·梅伦,演员
32505,麦温,演员
32506,程淑艳,演员
32507,安娜·巴瑞辛尼科夫,演员
32508,武藤寿美,演员
32509,鲍起静,演员
32510,娜塔丽·特纳,演员
32511,克劳迪·布莱克利,演员
32512,约翰·比灵斯列,演员
32513,金贤秀,演员
32514,瓦伦提娜·瓦格斯,演员
32515,格里芬·弗雷泽,演员
32516,兰德·布鲁克斯,演员
32517,潘迪华,演员
32518,杰克·希勒,演员
32519,罗比·萨布莱特,演员
32520,希芳·法隆,演员
32521,PeterMiles,演员
32522,纳撒尼尔·利斯,演员
32523,迪娜·迈耶,演员
32524,李凯莉,演员
32525,安东尼奥·普雷斯特,演员
32526,路易斯梅西埃,演员
32527,维尔·博登,演员
32528,尼克·西塞,演员
32529,尼格尔·本内特,演员
32530,沙拉万提·塞纳特,演员
32531,维托里奥·德·西卡,演员
32532,克齐斯茨托夫·拉夫特,演员
32533,凯文·麦克基德,演员
32534,盖尔·加西亚·贝纳尔,演员
32535,萨谢·英吉尼尔,演员
32536,陈希圣,演员
32537,冀朝理,演员
32538,HarryCody,演员
32539,卡拉·奥奇格罗索,演员
32540,高保成,演员
32541,拉里·霍尔登,演员
32542,菅原文太,演员
32543,黄宗洛,演员
32544,张育邦,演员
32545,列昂尼德·金斯基,演员
32546,LouisV.Arco,演员
32547,夏木真理,演员
32548,吉恩·坎菲尔德,演员
32549,肯尼斯·威尔什,演员
32550,赫尔穆特·贝格,演员
32551,马科·阿桑特,演员
32552,迈克尔·马德森,演员
32553,艾瑞克·巴纳,演员
32554,莉迪亚·威尔逊,演员
32555,宫西达也,演员
32556,汉内洛勒·霍格,演员
32557,丹尼·爱罗,演员
32558,莫娜·辛格,演员
32559,迈克尔·杰特,演员
32560,卡斯·莱蒙斯,演员
32561,罗彼·考特拉尼,演员
32562,克里斯托弗·尼姆,演员
32563,隆巴多·博伊尔,演员
32564,奇道,演员
32565,约书亚·麦基弗,演员
32566,莱安德鲁·菲尔米诺,演员
32567,凯文·波拉克,演员
32568,乌尔里希·图库尔,演员
32569,原田知世,演员
32570,理查德·格拉翰,演员
32571,安东内洛·普利西,演员
32572,丹兰·布鲁诺,演员
32573,诸慧荷,演员
32574,Mohammad-HasanHosseinian,演员
32575,凯德·麦拉德,演员
32576,瑞秋·卡帕尼,演员
32577,海伦·麦克洛瑞,演员
32578,高瑞熙,演员
32579,理查德·赫德曼,演员
32580,本诺·施特岑巴赫,演员
32581,安德鲁·塞伦,演员
32582,陶虹,演员
32583,瑞秋·哈里斯,演员
32584,代尔·戴,演员
32585,克里斯汀·贝尔,演员
32586,麦迪·科尔曼,演员
32587,托宾·贝尔,演员
32588,欧文·威尔逊,演员
32589,文森特·普莱斯,演员
32590,赫尔穆特·巴凯蒂斯,演员
32591,赫伯特·克瑙普,演员
32592,谷村美月,演员
32593,丹尼尔·海尼,演员
32594,佐伊·贝尔,演员
32595,麦斯·米科尔森,演员
32596,汤姆·斯图里奇,演员
32597,吴倩莲,演员
32598,倪大红,演员
32599,肖姆斯·戴维-菲茨帕特里克,演员
32600,米歇尔·莫多,演员
32601,克里斯托弗·邓汉,演员
32602,埃文·威尔什,演员
32603,LauraSolari,演员
32604,贾达·萍克·史密斯,演员
32605,汤米·弗拉纳根,演员
32606,威廉·博恩凯塞尔,演员
32607,瓦莱里奥·马斯坦德雷亚,演员
32608,理查德·文彻,演员
32609,娜塔莎·怀特曼,演员
32610,释彦能,演员
32611,罗伯特·韦伯,演员
32612,LydiaBlanco,演员
32613,吉尔·贝罗斯,演员
32614,保罗·贝坦尼,演员
32615,渡边哲,演员
32616,金燕玲,演员
32617,爱德华多·莱奥,演员
32618,布鲁诺·柯比,演员
32619,杰西卡·施瓦茨,演员
32620,法拉赫阿米尔·哈什米安,演员
32621,莉莲·奈福,演员
32622,布格斯·巴尔加瓦,演员
32623,伊丽莎白·格瑞斯,演员
32624,AaronWayneHill,演员
32625,克莱顿·黑尔,演员
32626,尼尔·吉恩托利,演员
32627,特德·曼森,演员
32628,王玨,演员
32629,艾米莉娅·福克斯,演员
32630,安贝尔·比蒂,演员
32631,梅兰尼·蒂埃里,演员
32632,安妮·海瑟薇,演员
32633,阿那托利·萨加洛维奇,演员
32634,神户浩,演员
32635,阿比·丽,演员
32636,斯科特·费恩斯特罗姆,演员
32637,卢·帕尔特,演员
32638,小艾德.朱普,演员
32639,袁丁,演员
32640,埃米尔·赫斯基,演员
32641,索菲亚·科波拉,演员
32642,赵海龙,演员
32643,杰基·厄尔·哈利,演员
32644,夏洛特·阿罗诺夫斯基,演员
32645,汉克·曼,演员
32646,奥梅罗·安东努蒂,演员
32647,格雷厄姆·格林,演员
32648,道格拉斯·伍德,演员
32649,查理·卓别林,演员
32650,克莱顿·华生,演员
32651,黛娅娜·欧特里,演员
32652,杰森·布莱尔,演员
32653,理查德·坎德,演员
32654,莫里斯·拉马奇,演员
32655,茶风林,演员
32656,冯克安,演员
32657,阿尔·欧内斯特·加西亚,演员
32658,汉娜·弗林,演员
32659,布莱恩·达西·詹姆斯,演员
32660,爱德华·福隆,演员
32661,玛丽·布奈尔,演员
32662,维尔玛·班基,演员
32663,杰弗里·拉什,演员
32664,鲍伯·伯根,演员
32665,杰梅奈·克莱门特,演员
32666,让·布伊兹,演员
32667,埃达·英格薇,演员
32668,诺玛·威登,演员
32669,都筑香弥子,演员
32670,泰迪·牛顿,演员
32671,彼得·安东尼·唐伯蒂斯,演员
32672,ChetBrandenburg,演员
32673,HenryRowland,演员
32674,杜可风,演员
32675,塞缪尔·杰克逊,演员
32676,汉诺·波西尔,演员
32677,维尔纳·德恩,演员
32678,吉塔·雷迪,演员
32679,矢田稔,演员
32680,劳拉·帕克,演员
32681,布拉德利·斯蒂夫·福特,演员
32682,GorellaGori,演员
32683,阿丽西丝·索普,演员
32684,凯莉·麦克唐纳,演员
32685,迪基·奥尔加多,演员
32686,胡丽叶塔·泽尔贝伯格,演员
32687,大卫·罗伯茨,演员
32688,关弘子,演员
32689,彼得·曼斯布里奇,演员
32690,ArthurStuartHull,演员
32691,JohnAlbright,演员
32692,张良斌,演员
32693,仲代达矢,演员
32694,凯茜·纳基麦,演员
32695,葛丽泰·嘉宝,演员
32696,鲁道夫·瓦伦蒂诺,演员
32697,比尔·努恩,演员
32698,J·K·西蒙斯,演员
32699,郭度沅,演员
32700,杨真诚,演员
32701,中谷美纪,演员
32702,宫内幸平,演员
32703,梅尔·吉布森,演员
32704,克里斯·诺斯,演员
32705,雷吉·奥斯汀,演员
32706,安德列·艾席蒙,演员
32707,艾普尔·格雷斯,演员
32708,克里斯·库珀,演员
32709,安娜·马尼亚尼,演员
32710,迈克尔·斯托扬诺夫,演员
32711,唐宁,演员
32712,张翰,演员
32713,李大为,演员
32714,马赫沙拉·阿里,演员
32715,罗莎琳·艾尔斯,演员
32716,RichardRyen,演员
32717,凯文·G·施密特,演员
32718,JoopvanHulzen,演员
32719,AndréasVoutsinas,演员
32720,热拉尔·朱尼奥,演员
32721,阿雅·卡什,演员
32722,笠智众,演员
32723,邦妮·怀特,演员
32724,德里克·雅各比,演员
32725,考特尼·伊顿,演员
32726,夏川结衣,演员
32727,马克·林赛·查普曼,演员
32728,康查塔·费雷尔,演员
32729,约翰·克莱夫,演员
32730,丽塔·科尔泰塞,演员
32731,陈莲梅,演员
32732,克里斯·马尔基,演员
32733,兰斯·富勒,演员
32734,加藤有花,演员
32735,KarlBruckschwaiger,演员
32736,罗布·许贝尔,演员
32737,汤姆·德尔玛,演员
32738,KenDeVaul,演员
32739,罗素·克劳,演员
32740,桑亚·玛荷塔,演员
32741,尼克·莫兰,演员
32742,克里斯·奥唐纳,演员
32743,加布里埃尔·安瓦尔,演员
32744,森光子,演员
32745,范·迪塞尔,演员
32746,克拉克·彼得斯,演员
32747,浅井淑子,演员
32748,约翰·戴维森,演员
32749,卡西·阿弗莱克,演员
32750,伊莱·罗斯,演员
32751,迪米特里·格里特萨斯,演员
32752,杰克·安杰尔,演员
32753,霍卫民,演员
32754,井手博士,演员
32755,PamelaBurrell,演员
32756,米斯·斯马尔,演员
32757,尹秀晶,演员
32758,香农·沃尔什,演员
32759,让-巴蒂斯特·莫尼耶,演员
32760,尼诺·卡斯泰尔诺沃,演员
32761,友兰达·梦露,演员
32762,博瑞·伦贝里,演员
32763,何塞·科罗纳多,演员
32764,瑞恩·波特,演员
32765,米西·派勒,演员
32766,希瑟·沃奎斯特,演员
32767,弗朗卡·波滕特,演员
32768,亚里安妮·拉贝德,演员
32769,山下容莉枝,演员
32770,午马,演员
32771,MichelleEvans,演员
32772,马克思·雷迈特,演员
32773,西莉亚·奥,演员
32774,MadgeBlake,演员
32775,里尼·贝尔,演员
32776,汉娜·豪尔,演员
32777,ScottJoelGizicki,演员
32778,BruceMitchell,演员
32779,马格努斯·诺兰,演员
32780,麦肯兹·韦加,演员
32781,雷格·E·凯蒂,演员
32782,保罗·赫斯特,演员
32783,马特·多兰,演员
32784,伊安·沃尔夫,演员
32785,赫尔穆特·施奈德,演员
32786,霍斯特·布赫霍尔茨,演员
32787,杰弗里·怀特,演员
32788,罗伯特·德尼罗,演员
32789,罗里·金奈尔,演员
32790,DinaSmirnova,演员
32791,穆琳·利普曼,演员
32792,DenisGreen,演员
32793,大卫·吉雅西,演员
32794,袁祥仁,演员
32795,菲力浦·西蒙,演员
32796,伊格纳齐奥·巴尔萨莫,演员
32797,亨利·托马斯,演员
32798,吉安卡尔洛·科森蒂诺,演员
32799,丹·芬纳蒂,演员
32800,肖恩·安东尼·莫兰,演员
32801,斯科特·麦克纳里,演员
32802,甄子丹,演员
32803,普路特·泰勒·文斯,演员
32804,约翰·马奥尼,演员
32805,托尼·戈罗奇,演员
32806,关口雄介,演员
32807,纳威恩·安德利维斯,演员
32808,松田洋治,演员
32809,MichaelIenna,演员
32810,丹尼·德维托,演员
32811,斯科特·克拉斯,演员
32812,木村飞影,演员
32813,塔里克·洛维,演员
32814,托尼·夏尔赫布,演员
32815,布鲁克琳·普劳克斯,演员
32816,大卫·布拉德利,演员
32817,佩内洛普·安·米勒,演员
32818,兰斯洛特·佩林,演员
32819,张学友,演员
32820,伊恩·麦克莱恩,演员
32821,马特·凯里,演员
32822,南希·杜普拉,演员
32823,PatHarmon,演员
32824,巴瑞·哈姆弗莱斯,演员
32825,约什·汉密尔顿,演员
32826,爱德华德·弗莱彻,演员
32827,皮普·托伦斯,演员
32828,理查德·亚历山大,演员
32829,克莱尔·布鲁姆,演员
32830,艾斯特·加瑞尔,演员
32831,阿图·斯里瓦斯塔瓦,演员
32832,大卫·塞尔瓦斯,演员
32833,马特·史密斯,演员
32834,肖恩·沙利文,演员
32835,曾心怡,演员
32836,布丽吉特·佛西,演员
32837,AngeloDiLoreta,演员
32838,柯一正,演员
32839,山崎努,演员
32840,詹姆斯·瑞布霍恩,演员
32841,盖·皮尔斯,演员
32842,林原惠美,演员
32843,周嘉玲,演员
32844,一井直树,演员
32845,内特·托伦斯,演员
32846,伊德里斯·艾尔巴,演员
32847,威廉·达福,演员
32848,朱丽·沃特斯,演员
32849,林耀祺,演员
32850,欧娜·满森,演员
32851,博基姆·伍德拜因,演员
32852,区亨利,演员
32853,NickShaid,演员
32854,索菲亚·撒高,演员
32855,雷·罗马诺,演员
32856,HayatoSakurai,演员
32857,布莱思·丹纳,演员
32858,阿道夫·希特勒,演员
32859,于尔根·福格尔,演员
32860,马丁·伊斯特,演员
32861,DonnaPieroni,演员
32862,钟镇涛,演员
32863,丽贝卡·豪尔,演员
32864,BhogwanSingh,演员
32865,张默,演员
32866,SuanneSpoke,演员
32867,麦凯尔泰·威廉逊,演员
32868,布伦丹·凯利,演员
32869,乔什·平茨,演员
32870,兰迪·汤姆,演员
32871,高桥一生,演员
32872,MichaelIlliff,演员
32873,盖·格林威,演员
32874,池水通洋,演员
32875,C.奥布雷·史密斯,演员
32876,DominikCastell,演员
32877,姜宏波,演员
32878,西村雅彦,演员
32879,安德烈·瑟韦林,演员
32880,海伦·亨特,演员
32881,格雷戈里·加迪诺尔,演员
32882,米兰达·诺兰,演员
32883,美琳达·麦格劳,演员
32884,林家栋,演员
32885,保罗·亨雷德,演员
32886,伊莎贝尔·卢卡斯,演员
32887,朱莉娅·奥蒙德,演员
32888,WyndhamStanding,演员
32889,小野武彦,演员
32890,胡贝贝,演员
32891,克洛德·佩隆,演员
32892,伊莫琴·普茨,演员
32893,艾丽西亚·奥奇瑟,演员
32894,罗伯特·帕特里克,演员
32895,达格拉斯·福雷,演员
32896,鹫尾真知子,演员
32897,韩冬,演员
32898,伊丽莎白·瑞根,演员
32899,黄斐,演员
32900,诺特·阿查拉那·阿瑞亚卫考,演员
32901,凯文·艾伦,演员
32902,蒂姆·梅尔滕斯,演员
32903,迈克尔·爱默生,演员
32904,马吉·汉,演员
32905,马西娅·盖伊·哈登,演员
32906,罗伯托·西特兰,演员
32907,BertStevens,演员
32908,J·内森·西蒙斯,演员
32909,杨奇雨,演员
32910,娜塔莉·波特曼,演员
32911,原田大二郎,演员
32912,VirginiaCarroll,演员
32913,卡洛斯·格拉马赫,演员
32914,乔纳森·海德,演员
32915,内森·甘宝,演员
32916,迈克尔·斯图巴,演员
32917,梅莉莎·班诺伊,演员
32918,DorothyJeakins,演员
32919,让·雷诺,演员
32920,汤姆·埃沃雷特,演员
32921,丽塔·卡莱尔,演员
32922,萨玛拉·维文,演员
32923,艾琳·尼古拉斯,演员
32924,吉米·雷·威克斯,演员
32925,黑泽明日香,演员
32926,罗伯塔·蕾娜,演员
32927,卡塔琳娜·舒特勒,演员
32928,帕特丽夏·伦茨,演员
32929,约瑟夫·史威尼,演员
32930,奥古斯特·迪赫,演员
32931,佩雷·布拉索,演员
32932,玛丽亚·雪儿,演员
32933,艾莉森·福兰德,演员
32934,玛莎·温特沃思,演员
32935,HarryAllen,演员
32936,库尔特·弗勒曼,演员
32937,刘洵,演员
32938,伊尔凡·可汗,演员
32939,爱利克·赫尔曼,演员
32940,雨果·维文,演员
32941,卡洛斯·阿拉斯拉奇,演员
32942,沃伦·克拉克,演员
32943,托马斯·列农,演员
32944,詹姆斯·加纳,演员
32945,理查德·班克斯,演员
32946,奥黛丽·塔图,演员
32947,马修·阿马立克,演员
32948,田中要次,演员
32949,王仕颖,演员
32950,迈克尔·卡切克,演员
32951,雨果·阿姆斯特朗,演员
32952,JohnVoldstad,演员
32953,HaraldWaiglein,演员
32954,基隆·埃利奥特,演员
32955,文森特·斯卡维利,演员
32956,布里吉特·芳达,演员
32957,岸本加世子,演员
32958,夏萍,演员
32959,DaveRastovich,演员
32960,道恩·艾达丝,演员
32961,伊尼戈·加斯特西,演员
32962,ConnieEmerald,演员
32963,迈克尔·加·怀特,演员
32964,艾伦·里奇,演员
32965,危笑,演员
32966,克拉克·杜克,演员
32967,西恩·托马斯,演员
32968,敏迪·卡灵,演员
32969,NormanAinsley,演员
32970,吉尔·巴罗尼,演员
32971,任达华,演员
32972,坦娅·克拉克,演员
32973,川岛得爱,演员
32974,劳埃德·英格拉哈姆,演员
32975,约翰·马利,演员
32976,劳伦·斯卡法莉娅,演员
32977,艾伦·佩吉,演员
32978,迈克·拉里,演员
32979,基思·艾伦,演员
32980,杰森·贝瑞,演员
32981,艾米莉·莫迪默,演员
32982,詹姆斯·诺斯科特,演员
32983,蔡浩,演员
32984,詹姆斯·霍西,演员
32985,水桥研二,演员
32986,藤原龙也,演员
32987,克雷格·费格森,演员
32988,常田富士男,演员
32989,菲尔·拉马,演员
32990,科林·斯廷顿,演员
32991,JimmyFlynn,演员
32992,SteveGriffin,演员
32993,赛德·查里斯,演员
32994,菲利普·杜·詹纳兰德,演员
32995,凯文·兰金,演员
32996,杰弗里·泽布尼斯,演员
32997,DilvaHenry,演员
32998,C.J.Vana,演员
32999,亚当·布斯奇,演员
33000,CarolineGelabert,演员
33001,尼尔·帕特里克·哈里斯,演员
33002,杜满生,演员
33003,雨笠利幸,演员
33004,严志媛,演员
33005,霍拉提奥·桑斯,演员
33006,水谷优子,演员
33007,BernardSell,演员
33008,雅各布·特伦布莱,演员
33009,尼德·巴蒂,演员
33010,大卫·普罗瓦尔,演员
33011,维果·莫腾森,演员
33012,JamielHasson,演员
33013,东山千荣子,演员
33014,丹尼斯·法里纳,演员
33015,朱丽叶·里夫斯,演员
33016,BarryNorton,演员
33017,保罗·波尔卡西,演员
33018,连姆·尼森,演员
33019,查得·R·戴维斯,演员
33020,山本兼平,演员
33021,山寺宏一,演员
33022,肖恩·比格斯代夫,演员
33023,泰瑞·佛瑞斯塔,演员
33024,雅尼斯·帕帕多普洛斯,演员
33025,罗宾·巴特利特,演员
33026,MartinHub,演员
33027,塔尼特·菲尼克斯,演员
33028,利昂·贝拉斯科,演员
33029,丹尼尔·雷德克里夫,演员
33030,欧鲁米基·欧拉乌米,演员
33031,本·金斯利,演员
33032,大卫·克劳斯,演员
33033,山姆·洛克威尔,演员
33034,TomGallop,演员
33035,马克西米利安·福尔马尔,演员
33036,伊恩·哈特,演员
33037,杰森·弗莱明,演员
33038,阿德沃尔·阿吉纽依-艾格拜吉,演员
33039,伊莱贾·伍德,演员
33040,日高法子,演员
33041,泰勒·派瑞,演员
33042,三浦浩一,演员
33043,CraigWalker,演员
33044,安贝尔·史密斯,演员
33045,BrandonBeach,演员
33046,奥克塔维·索利斯,演员
33047,本·贝尔特,演员
33048,InezGorman,演员
33049,张景素,演员
33050,大卫·奥哈拉,演员
33051,艾琳·戈洛瓦娅,演员
33052,麦活·米泰尔,演员
33053,王瑞,演员
33054,西蒙·法戈特,演员
33055,小达蒙·韦恩斯,演员
33056,FrankWhitbeck,演员
33057,吉安卡罗·埃斯波西托,演员
33058,唐·雷克,演员
33059,达里奥·格兰迪内蒂,演员
33060,安德鲁·哈维尔,演员
33061,中山美穗,演员
33062,JeanneCoyne,演员
33063,米哈乌·热布罗夫斯基,演员
33064,弗兰克·梅德拉诺,演员
33065,グレート義太夫,演员
33066,亨利·尼克松,演员
33067,珍·哈露,演员
33068,吴涛,演员
33069,埃德·贝格利,演员
33070,多里·曼佐尔,演员
33071,乔治亚·黑尔,演员
33072,巴斯蒂安·特罗斯特,演员
33073,酒井敏也,演员
33074,安德鲁·博尔巴,演员
33075,张光,演员
33076,梁荣忠,演员
33077,休·杰克曼,演员
33078,鲁伯特·弗兰德,演员
33079,SylviaLewis,演员
33080,玛丽·萧克莱,演员
33081,詹妮弗·康纳利,演员
33082,谢丽尔·霍华德,演员
33083,艾伦·图代克,演员
33084,谷德昭,演员
33085,肯·科齐格,演员
33086,陈志辉,演员
33087,海克·玛卡琪,演员
33088,京田尚子,演员
33089,马可·斯格罗索,演员
33090,闵孝琳,演员
33091,拉法埃拉·莱博罗尼,演员
33092,哈里·S·杜鲁门,演员
33093,稻叶义男,演员
33094,水源士郎,演员
33095,高桥努,演员
33096,木村拓哉,演员
33097,SalvatoreMartino,演员
33098,莱奥波多·特里耶斯泰,演员
33099,TommyFarrell,演员
33100,哈威·凯特尔,演员
33101,沙拉蒂·瑟斯纳,演员
33102,HelenTubbs,演员
33103,王学圻,演员
33104,詹妮弗·提莉,演员
33105,凯瑟琳·斯戴曼,演员
33106,泰奥杜尔·卡雷-卡赛尼,演员
33107,茱莉亚·蕾娜,演员
33108,大卫·海曼,演员
33109,大家由祐子,演员
33110,海利·乔·奥斯蒙,演员
33111,索拉·伯奇,演员
33112,LisaSummerour,演员
33113,托马斯·蒂梅,演员
33114,玛莉亚·奥内托,演员
33115,阿尔·帕西诺,演员
33116,圣·耶拉莫斯,演员
33117,MichaelEliopoulos,演员
33118,罗密·温莎,演员
33119,胡枫,演员
33120,徐锦江,演员
33121,克里斯托弗·李,演员
33122,VictorRomito,演员
33123,端田宏三,演员
33124,杰里米·利里,演员
33125,达拉斯·罗伯特斯,演员
33126,乌比·戈德堡,演员
33127,唐尼·沃尔伯格,演员
33128,马妮·尼克松,演员
33129,卢达克里斯,演员
33130,克里斯汀·斯科特·托马斯,演员
33131,苏西·沃德,演员
33132,GeorgeSorel,演员
33133,丹·巴特勒,演员
33134,沃尔特·拉萨利,演员
33135,TinySandford,演员
33136,克莱尔·莫里耶,演员
33137,琳恩·史密斯,演员
33138,亚历山德拉·拉帕波特,演员
33139,裘德·洛,演员
33140,楯隆子,演员
33141,芮妮·布莱恩,演员
33142,斯汀,演员
33143,克里斯蒂娜·皮克勒斯,演员
33144,萨曼萨·罗根,演员
33145,卢克·佩格勒,演员
33146,罗伯特·杜瓦尔,演员
33147,弗兰克·普格利亚,演员
33148,绫濑遥,演员
33149,PaulPoet,演员
33150,弗雷德里克·劳,演员
33151,约翰·奎尔伦,演员
33152,格拉汉姆·贝克尔,演员
33153,成田凌,演员
33154,约翰·格雷厄姆·斯佩西,演员
33155,MichaelBurgess,演员
33156,埃迪·艾伯特,演员
33157,蔡颖恩,演员
33158,艾丽卡·里瓦斯,演员
33159,泰隆·鲍华,演员
33160,埃迪·马森,演员
33161,朱莉·德尔佩,演员
33162,赖梵耘,演员
33163,BeatriceGray,演员
33164,罗恩·迪恩,演员
33165,理查德·布赖特,演员
33166,尼克·卡特,演员
33167,温迪·古逊,演员
33168,克里斯托弗·马西,演员
33169,威廉姆·H·梅西,演员
33170,凡妮莎·柯比,演员
33171,普特鹏·普罗萨卡·那·萨克那卡林,演员
33172,肖恩·里德,演员
33173,史提文科兹洛夫斯基,演员
33174,本杰明·布拉特,演员
33175,贾康熙,演员
33176,PaoloCarlini,演员
33177,张国柱,演员
33178,马修·莫迪恩,演员
33179,G·D·斯普拉德林,演员
33180,齐藤昌,演员
33181,原沙知绘,演员
33182,詹姆斯·沃特斯顿,演员
33183,B·J·诺瓦克,演员
33184,德克斯特·弗莱彻,演员
33185,塞巴斯蒂安·席佩尔,演员
33186,迪伦·贝克,演员
33187,拜伦·霍华德,演员
33188,全慧珍,演员
33189,安德丽·帕里西,演员
33190,AlissaWilms,演员
33191,胜沼纪义,演员
33192,廖凡,演员
33193,理查德·莱恩,演员
33194,吉米娅·侯赛伊妮,演员
33195,威尔·阿奈特,演员
33196,安德鲁·斯坦顿,演员
33197,多米尼克·莫纳汉,演员
33198,埃里克·德斯玛莱茨,演员
33199,苗圃,演员
33200,理查德·康特,演员
33201,金甫美,演员
33202,克里斯托弗·普卢默,演员
33203,白承焕,演员
33204,葛优,演员
33205,凯西·威尔逊,演员
33206,河正宇,演员
33207,赛尔乔·卡斯特利托,演员
33208,苏济·普里姆,演员
33209,大卫·戈尔兹,演员
33210,柯特·富勒,演员
33211,德尼·梅诺谢,演员
33212,香川照之,演员
33213,布尔维尔,演员
33214,大原沙耶香,演员
33215,西恩·海耶斯,演员
33216,利迪娅·阿方西,演员
33217,埃迪·安德森,演员
33218,艾塞尔·格里菲斯,演员
33219,迈克尔·英塞恩,演员
33220,詹妮特·海因,演员
33221,大卫·鲍伊,演员
33222,蔡少芬,演员
33223,张曼玉,演员
33224,谷原章介,演员
33225,本尼迪克特·康伯巴奇,演员
33226,阿曼达·沃伦,演员
33227,伊冯娜·桑松,演员
33228,威廉·彼德森,演员
33229,卢顿·万恩怀特三世,演员
33230,碧姬·芭铎,演员
33231,KseniaJarova,演员
33232,内山昂辉,演员
33233,木村功,演员
33234,利昂娜·罗伯特,演员
33235,汉尼斯·赫尔曼,演员
33236,邓一君,演员
33237,茹塔·李,演员
33238,拉詹德拉纳斯·祖特施,演员
33239,罗伯特·科瓦吕比亚,演员
33240,彼得·杰克林,演员
33241,赵志凌,演员
33242,凯思琳·拜荣,演员
33243,马修·戈尔德,演员
33244,狄龙,演员
33245,阿娜·瓦格纳,演员
33246,史蒂芬·威丁顿,演员
33247,阿帕尔夏克提·库拉那,演员
33248,基斯·斯扎拉巴基克,演员
33249,拉斯·兰特,演员
33250,TaraHacking,演员
33251,维克多·加博,演员
33252,艾玛·斯通,演员
33253,石山雄大,演员
33254,金·迪肯斯,演员
33255,宫泽理惠,演员
33256,凯瑞·康顿,演员
33257,伊凡·弗雷贝利,演员
33258,史蒂芬·柯林斯,演员
33259,朱莉·安德鲁斯,演员
33260,布拉德·道里夫,演员
33261,威廉姆·赛德勒,演员
33262,厄尔·卡梅伦,演员
33263,JohnPower,演员
33264,ErnieFlatt,演员
33265,乔伊·兰辛,演员
33266,沃克马·克莱纳特,演员
33267,康斯坦丁·格雷戈里,演员
33268,马克·麦考利,演员
33269,麦人,演员
33270,李顺载,演员
33271,热拉尔·德帕迪约,演员
33272,坂本千夏,演员
33273,迈克尔·基顿,演员
33274,阿部宽,演员
33275,彼得·奥图尔,演员
33276,徐峥,演员
33277,厄尼·萨贝拉,演员
33278,李治廷,演员
33279,丹·弗雷登堡,演员
33280,罗伯特·肖恩·莱纳德,演员
33281,JohnDodsworth,演员
33282,艾瑞克·布里登,演员
33283,玛德琳·勒博,演员
33284,程晓桦,演员
33285,托比·海明威,演员
33286,柯特伍德·史密斯,演员
33287,克里斯汀·艾斯布鲁克,演员
33288,本尼西奥·德尔·托罗,演员
33289,安·吉利斯,演员
33290,塔莉娅·夏尔,演员
33291,刘家辉,演员
33292,艾伦·艾克哈特,演员
33293,克莱尔·特雷弗,演员
33294,弗罗里安·巴西奥罗麦,演员
33295,MarkPhoenix,演员
33296,马克·莱昂纳蒂,演员
33297,陈辉虹,演员
33298,乔·佩西,演员
33299,夏奇拉,演员
33300,蒂姆·罗斯,演员
33301,鲍比·冈萨雷斯,演员
33302,杰奎琳·埃沃拉,演员
33303,王笑天,演员
33304,罗比·布赖恩,演员
33305,劳拉·拉芙蕾丝,演员
33306,理查德·E·格兰特,演员
33307,BobbyHale,演员
33308,SpencerChan,演员
33309,艾伦·瑞克曼,演员
33310,奥克塔维亚·斯宾瑟,演员
33311,马修·比尔德,演员
33312,布莱恩·H.德里克,演员
33313,春川真澄,演员
33314,琳赛·邓肯,演员
33315,艾尔莎·瑞雯,演员
33316,布莱丝·达拉斯·霍华德,演员
33317,黄健玮,演员
33318,凯德·比特纳,演员
33319,布丽·拉尔森,演员
33320,肖恩·哈普,演员
33321,罗里·奥谢,演员
33322,罗德里戈-费尔南德斯-斯托尔,演员
33323,张同祖,演员
33324,马库斯·亨德森,演员
33325,约翰·拉岑贝格,演员
33326,马丁·辛,演员
33327,塔彭丝·米德尔顿,演员
33328,糸博,演员
33329,黄渤,演员
33330,芬利·威尔士,演员
33331,泽利科·伊万内克,演员
33332,吉里贾·奥克,演员
33333,智一桐,演员
33334,乔纳森·哈根森,演员
33335,张天民,演员
33336,海伦·艾比罗克,演员
33337,梅拉尼·罗兰,演员
33338,朗·霍华德,演员
33339,瓦列里·尼古拉耶夫,演员
33340,威廉·雷德菲尔德,演员
33341,詹·雅各布,演员
33342,郎雄,演员
33343,EricUnderwood,演员
33344,约书亚·哈尔托,演员
33345,能年玲奈,演员
33346,吴启华,演员
33347,朗贝尔·维尔森,演员
33348,李静,演员
33349,成龙,演员
33350,吉姆·诺顿,演员
33351,市川实日子,演员
33352,AlCalderon,演员
33353,山口朱美,演员
33354,雪莉·亨德森,演员
33355,杰昆·菲尼克斯,演员
33356,田川洋行,演员
33357,杨静怡,演员
33358,欧姆·普瑞,演员
33359,旺妲·卡布里奥罗,演员
33360,西莫·莫加瓦扎,演员
33361,迈克尔·罗查,演员
33362,斯琴高娃,演员
33363,唐纳德·奥康纳,演员
33364,卡斯腾·海斯,演员
33365,艾伯丝·戴维兹,演员
33366,奥斯卡·波尔克,演员
33367,蔡卫东,演员
33368,莫瑞·史特林,演员
33369,左正芬,演员
33370,岛本须美,演员
33371,埃丽萨·莫鲁奇,演员
33372,丽莎·博伊尔,演员
33373,特德·丹森,演员
33374,八奈见乘儿,演员
33375,詹妮弗·普里尔,演员
33376,史蒂夫·茨恩,演员
33377,约翰·浩克斯,演员
33378,佐久间玲,演员
33379,露西·拉塞尔,演员
33380,玛吉·吉伦哈尔,演员
33381,艾莉森·珍妮,演员
33382,丹妮尔·布里瑟布瓦,演员
33383,约翰·贝德福德·劳埃德,演员
33384,理查德·科德里,演员
33385,尼古拉斯·哈蒙德,演员
33386,泽口靖子,演员
33387,邬君梅,演员
33388,吉米·帕伦博,演员
33389,塞伊拉·沃西,演员
33390,路易·茹韦,演员
33391,玛丽·吉布斯,演员
33392,郑满植,演员
33393,LottePalfiAndor,演员
33394,克里夫·梅利森,演员
33395,杰夫·皮金,演员
33396,尼古拉斯·凯奇,演员
33397,约翰·霍奇,演员
33398,李·科布,演员
33399,陈慧琳,演员
33400,吉莉安·普法夫,演员
33401,RodMyers,演员
33402,萨尔曼·汗,演员
33403,李春,演员
33404,蕾雅·赛杜,演员
33405,宁静,演员
33406,井田国男,演员
33407,阿尔弗雷德·莫里纳,演员
33408,我修院达也,演员
33409,FrankHagney,演员
33410,MargaretRawlings,演员
33411,HilaryChaplain,演员
33412,JackLow,演员
33413,克里斯·马歇尔,演员
33414,莫妮卡·贝鲁奇,演员
33415,蕾妮·盖耶,演员
33416,马克斯·冯·叙多夫,演员
33417,英格丽·褒曼,演员
33418,库玛·帕拉纳,演员
33419,埃里克斯·劳瑟,演员
33420,萧炳林,演员
33421,ArmandoAnnuale,演员
33422,姜素拉,演员
33423,夏洛特·普里尔,演员
33424,GabriellaDiLuzio,演员
33425,朴努植,演员
33426,赵一穗,演员
33427,阿尔伯特·芬尼,演员
33428,赵雪莹,演员
33429,宋在浩,演员
33430,近藤好美,演员
33431,斯图尔特·麦克奎里,演员
33432,吕菲斯,演员
33433,奥黛丽·赫本,演员
33434,乔·奥菲耶里,演员
33435,LachyHulme,演员
33436,贝拉·费斯彼姆,演员
33437,钱似莺,演员
33438,伊崎充则,演员
33439,威廉·赫特,演员
33440,FrankDawson,演员
33441,MichaelMark,演员
33442,朱丽娅·斯蒂尔斯,演员
33443,安妮卡·彼得森,演员
33444,KamalMirkarimi,演员
